,Date,Time,Venue,Result,GF,GA,Opponent,xG,xGA,Poss,Referee,Sh,SoT,Dist,FK,PK,PKatt,Team,Opp,Hour,Day,GF_rolling,GA_rolling,xG_rolling,xGA_rolling,Poss_rolling,Sh_rolling,SoT_rolling,Dist_rolling,FK_rolling,PK_rolling,PKatt_rolling
0,2024-08-24,17:30,0,1,2.0,0.0,1,0.9,1.2,60.0,11,9.0,4.0,18.8,0.0,0,0,0,1,17,5,2.0,0.0,1.2,0.5,53.0,18.0,6.0,17.3,0.0,0.0,0.0
1,2024-08-31,12:30,1,0,1.0,1.0,4,2.1,1.7,36.0,2,11.0,7.0,12.9,0.0,0,0,0,4,12,5,2.0,0.0,1.05,0.85,56.5,13.5,5.0,18.05,0.0,0.0,0.0
2,2024-09-15,14:00,0,1,1.0,0.0,17,0.7,0.7,37.0,7,7.0,4.0,12.1,0.0,0,0,0,17,14,6,1.6666666666666667,0.3333333333333333,1.4000000000000001,1.1333333333333333,49.666666666666664,12.666666666666666,5.666666666666667,16.333333333333332,0.0,0.0,0.0
3,2024-09-22,16:30,0,0,2.0,2.0,12,0.7,2.1,23.0,11,5.0,3.0,11.3,0.0,0,0,0,12,16,6,1.3333333333333333,0.3333333333333333,1.2333333333333334,1.2,44.333333333333336,9.0,5.0,14.6,0.0,0.0,0.0
4,2024-09-28,15:00,1,1,4.0,2.0,10,4.4,0.3,74.0,16,35.0,16.0,14.1,0.0,0,0,0,10,15,5,1.3333333333333333,1.0,1.1666666666666667,1.5,32.0,7.666666666666667,4.666666666666667,12.1,0.0,0.0,0.0
5,2024-10-05,15:00,1,1,3.0,1.0,16,2.8,0.6,59.0,21,29.0,6.0,14.6,0.0,0,0,0,16,15,5,2.3333333333333335,1.3333333333333333,1.9333333333333336,1.0333333333333334,44.666666666666664,15.666666666666666,7.666666666666667,12.5,0.0,0.0,0.0
6,2024-10-19,17:30,0,0,0.0,2.0,2,0.7,1.8,51.0,14,6.0,1.0,15.1,0.0,0,0,0,2,17,5,3.0,1.6666666666666667,2.6333333333333333,1.0000000000000002,52.0,23.0,8.333333333333334,13.333333333333334,0.0,0.0,0.0
7,2024-10-27,16:30,1,0,2.0,2.0,11,0.9,0.8,45.0,1,9.0,3.0,14.1,0.0,0,0,0,11,16,6,2.3333333333333335,1.6666666666666667,2.6333333333333337,0.9,61.333333333333336,23.333333333333332,7.666666666666667,14.6,0.0,0.0,0.0
8,2024-11-02,12:30,0,0,0.0,1.0,14,1.1,0.5,63.0,8,10.0,0.0,14.9,0.0,0,0,0,14,12,5,1.6666666666666667,1.6666666666666667,1.4666666666666668,1.0666666666666667,51.666666666666664,14.666666666666666,3.3333333333333335,14.6,0.0,0.0,0.0
9,2024-11-10,16:30,0,0,1.0,1.0,5,1.5,1.5,51.0,11,13.0,3.0,16.3,0.0,0,0,0,5,16,6,0.6666666666666666,1.6666666666666667,0.9000000000000004,1.0333333333333334,53.0,8.333333333333334,1.3333333333333333,14.700000000000001,0.0,0.0,0.0
10,2024-11-23,15:00,1,1,3.0,0.0,15,1.2,0.3,66.0,17,19.0,6.0,17.7,0.0,0,0,0,15,15,5,1.0,1.3333333333333333,1.166666666666667,0.9333333333333332,53.0,10.666666666666666,2.0,15.1,0.0,0.0,0.0
11,2024-11-30,17:30,0,1,5.0,2.0,18,3.5,1.5,60.0,1,14.0,5.0,15.4,1.0,2,2,0,18,17,5,1.3333333333333333,0.6666666666666666,1.2666666666666668,0.7666666666666666,60.0,14.0,3.0,16.3,0.0,0.0,0.0
12,2024-12-04,20:15,1,1,2.0,0.0,13,2.1,0.2,51.0,16,14.0,6.0,11.0,0.0,0,0,0,13,20,2,3.0,1.0,2.066666666666667,1.0999999999999999,59.0,15.333333333333334,4.666666666666667,16.466666666666665,0.3333333333333333,0.6666666666666666,0.6666666666666666
13,2024-12-08,14:00,0,0,1.0,1.0,8,1.8,0.2,66.0,2,12.0,4.0,12.2,0.0,0,0,0,8,14,6,3.3333333333333335,0.6666666666666666,2.266666666666667,0.6666666666666666,59.0,15.666666666666666,5.666666666666667,14.699999999999998,0.3333333333333333,0.6666666666666666,0.6666666666666666
14,2024-12-14,15:00,1,0,0.0,0.0,7,1.2,0.1,76.0,3,13.0,5.0,13.0,0.0,0,0,0,7,15,5,2.6666666666666665,1.0,2.466666666666667,0.6333333333333333,59.0,13.333333333333334,5.0,12.866666666666665,0.3333333333333333,0.6666666666666666,0.6666666666666666
15,2024-12-21,17:30,0,1,5.0,1.0,6,2.5,1.6,58.0,17,14.0,6.0,11.5,0.0,0,0,0,6,17,5,1.0,0.3333333333333333,1.7000000000000002,0.16666666666666666,64.33333333333333,13.0,5.0,12.066666666666665,0.0,0.0,0.0
16,2024-08-24,17:30,1,0,0.0,2.0,0,1.2,0.9,40.0,11,11.0,3.0,16.0,0.0,0,0,1,0,17,5,2.0,1.0,2.0,2.3,48.0,15.0,3.0,15.2,0.0,0.0,0.0
17,2024-08-31,15:00,0,1,2.0,1.0,10,1.4,0.4,43.0,6,10.0,5.0,17.9,0.0,0,0,1,10,15,5,1.0,1.5,1.6,1.5999999999999999,44.0,13.0,3.0,15.6,0.0,0.0,0.0
18,2024-09-14,17:30,1,1,3.0,2.0,7,2.1,0.9,72.0,3,17.0,7.0,14.0,0.0,0,0,1,7,17,5,1.3333333333333333,1.3333333333333333,1.5333333333333332,1.2,43.666666666666664,12.0,3.6666666666666665,16.366666666666664,0.0,0.0,0.0
19,2024-09-21,15:00,1,1,3.0,1.0,19,1.7,0.5,53.0,20,9.0,3.0,13.7,1.0,0,0,1,19,15,5,1.6666666666666667,1.6666666666666667,1.5666666666666667,0.7333333333333334,51.666666666666664,12.666666666666666,5.0,15.966666666666663,0.0,0.0,0.0
20,2024-09-29,14:00,0,0,2.0,2.0,9,0.8,1.2,56.0,18,7.0,3.0,19.0,1.0,0,0,1,9,14,6,2.6666666666666665,1.3333333333333333,1.7333333333333334,0.6000000000000001,56.0,12.0,5.0,15.199999999999998,0.3333333333333333,0.0,0.0
21,2024-10-06,14:00,1,0,0.0,0.0,13,0.5,0.6,53.0,14,11.0,1.0,20.3,1.0,0,0,1,13,14,6,2.6666666666666665,1.6666666666666667,1.5333333333333334,0.8666666666666666,60.333333333333336,11.0,4.333333333333333,15.566666666666668,0.6666666666666666,0.0,0.0
22,2024-10-19,15:00,0,1,3.0,1.0,8,1.6,1.8,48.0,5,14.0,5.0,15.1,1.0,0,0,1,8,15,5,1.6666666666666667,1.0,1.0,0.7666666666666666,54.0,9.0,2.3333333333333335,17.666666666666668,1.0,0.0,0.0
23,2024-10-26,15:00,1,0,1.0,1.0,2,1.8,0.3,57.0,2,18.0,8.0,15.1,0.0,0,0,1,2,15,5,1.6666666666666667,1.0,0.9666666666666668,1.2,52.333333333333336,10.666666666666666,3.0,18.133333333333333,1.0,0.0,0.0
24,2024-11-03,14:00,0,0,1.0,4.0,17,1.8,2.4,49.0,3,12.0,1.0,16.2,0.0,0,0,1,17,14,6,1.3333333333333333,0.6666666666666666,1.3,0.8999999999999999,52.666666666666664,14.333333333333334,4.666666666666667,16.833333333333332,0.6666666666666666,0.0,0.0
25,2024-11-09,20:00,0,0,0.0,2.0,11,1.2,2.0,38.0,6,12.0,2.0,11.6,0.0,0,0,1,11,20,5,1.6666666666666667,2.0,1.7333333333333334,1.5,51.333333333333336,14.666666666666666,4.666666666666667,15.466666666666667,0.3333333333333333,0.0,0.0
26,2024-11-23,15:00,1,0,2.0,2.0,6,3.0,1.3,69.0,20,16.0,4.0,14.9,0.0,0,1,1,6,15,5,0.6666666666666666,2.3333333333333335,1.5999999999999999,1.5666666666666664,48.0,14.0,3.6666666666666665,14.299999999999999,0.0,0.0,0.0
27,2024-12-01,13:30,0,0,0.0,3.0,5,1.2,1.6,36.0,18,10.0,3.0,13.4,0.0,0,0,1,5,13,6,1.0,2.6666666666666665,2.0,1.9000000000000001,52.0,13.333333333333334,2.3333333333333335,14.233333333333334,0.0,0.0,0.3333333333333333
28,2024-12-04,20:15,1,1,3.0,1.0,3,2.4,0.9,49.0,10,19.0,9.0,15.0,0.0,1,1,1,3,20,2,0.6666666666666666,2.3333333333333335,1.8,1.6333333333333335,47.666666666666664,12.666666666666666,3.0,13.299999999999999,0.0,0.0,0.3333333333333333
29,2024-12-07,15:00,1,1,1.0,0.0,16,2.3,0.3,47.0,4,18.0,4.0,14.2,0.0,0,0,1,16,15,5,1.6666666666666667,2.0,2.1999999999999997,1.2666666666666668,51.333333333333336,15.0,5.333333333333333,14.433333333333332,0.0,0.3333333333333333,0.6666666666666666
30,2024-12-14,17:30,0,0,1.0,2.0,15,0.4,1.7,50.0,16,8.0,2.0,15.6,0.0,0,0,1,15,17,5,1.3333333333333333,1.3333333333333333,1.9666666666666666,0.9333333333333332,44.0,15.666666666666666,5.333333333333333,14.200000000000001,0.0,0.3333333333333333,0.3333333333333333
31,2024-12-21,12:30,1,1,2.0,1.0,12,1.6,1.0,44.0,13,11.0,6.0,13.9,0.0,0,0,1,12,12,5,1.6666666666666667,1.0,1.7,0.9666666666666667,48.666666666666664,15.0,5.0,14.933333333333332,0.0,0.3333333333333333,0.3333333333333333
32,2024-12-26,15:00,0,0,0.0,3.0,14,0.3,2.7,38.0,1,4.0,1.0,17.0,1.0,0,0,1,14,15,3,1.3333333333333333,1.0,1.4333333333333333,1.0,47.0,12.333333333333334,4.0,14.566666666666668,0.0,0.0,0.0
33,2024-08-25,14:00,1,0,1.0,1.0,14,2.2,1.6,39.0,6,16.0,4.0,16.5,1.0,0,0,2,14,14,6,1.0,1.0,1.2,1.3,47.0,13.0,4.0,19.6,1.0,0.0,0.0
34,2024-08-31,15:00,0,1,3.0,2.0,7,2.4,1.8,53.0,18,17.0,7.0,14.9,0.0,0,0,2,7,15,5,1.0,1.0,1.7000000000000002,1.4500000000000002,43.0,14.5,4.0,18.05,1.0,0.0,0.0
35,2024-09-14,20:00,1,0,0.0,1.0,5,1.7,0.8,34.0,1,18.0,6.0,22.4,0.0,0,1,2,5,20,5,1.6666666666666667,1.3333333333333333,1.9333333333333336,1.5666666666666667,46.333333333333336,15.333333333333334,5.0,17.0,0.6666666666666666,0.0,0.0
36,2024-09-21,15:00,0,0,0.0,3.0,11,1.1,2.0,42.0,21,19.0,6.0,18.7,1.0,0,0,2,11,15,5,1.3333333333333333,1.3333333333333333,2.1,1.4000000000000001,42.0,17.0,5.666666666666667,17.933333333333334,0.3333333333333333,0.0,0.3333333333333333
37,2024-09-30,20:00,1,1,3.0,1.0,16,1.3,0.6,40.0,11,14.0,6.0,18.8,0.0,0,0,2,16,20,0,1.0,2.0,1.7333333333333334,1.5333333333333332,43.0,18.0,6.333333333333333,18.666666666666668,0.3333333333333333,0.0,0.3333333333333333
38,2024-10-05,15:00,0,0,0.0,1.0,10,2.1,0.8,55.0,4,19.0,2.0,14.3,0.0,0,0,2,10,15,5,1.0,1.6666666666666667,1.3666666666666665,1.1333333333333333,38.666666666666664,17.0,6.0,19.966666666666665,0.3333333333333333,0.0,0.3333333333333333
39,2024-10-19,17:30,1,1,2.0,0.0,0,1.8,0.7,49.0,14,12.0,3.0,18.9,0.0,1,1,2,0,17,5,1.0,1.6666666666666667,1.5,1.133333333333333,45.666666666666664,17.333333333333332,4.666666666666667,17.266666666666666,0.3333333333333333,0.0,0.0
40,2024-10-26,15:00,0,0,1.0,1.0,1,0.3,1.8,43.0,2,10.0,3.0,21.6,0.0,0,0,2,1,15,5,1.6666666666666667,0.6666666666666666,1.7333333333333334,0.6999999999999998,48.0,15.0,3.6666666666666665,17.333333333333332,0.0,0.3333333333333333,0.3333333333333333
41,2024-11-02,15:00,1,1,2.0,1.0,12,2.0,1.6,36.0,11,12.0,6.0,16.0,0.0,0,0,2,12,15,5,1.0,0.6666666666666666,1.4000000000000001,1.0999999999999999,49.0,13.666666666666666,2.6666666666666665,18.266666666666666,0.0,0.3333333333333333,0.3333333333333333
42,2024-11-09,15:00,0,0,2.0,3.0,3,2.6,1.5,49.0,4,15.0,3.0,14.8,1.0,0,0,2,3,15,5,1.6666666666666667,0.6666666666666666,1.3666666666666665,1.3666666666666665,42.666666666666664,11.333333333333334,4.0,18.833333333333332,0.0,0.3333333333333333,0.3333333333333333
43,2024-11-23,15:00,1,0,1.0,2.0,4,1.6,0.9,55.0,18,19.0,5.0,15.5,0.0,0,0,2,4,15,5,1.6666666666666667,1.6666666666666667,1.6333333333333335,1.6333333333333335,42.666666666666664,12.333333333333334,4.0,17.466666666666665,0.3333333333333333,0.0,0.0
44,2024-11-30,15:00,0,1,4.0,2.0,19,3.3,0.5,40.0,13,9.0,5.0,21.4,0.0,3,3,2,19,15,5,1.6666666666666667,2.0,2.066666666666667,1.3333333333333333,46.666666666666664,15.333333333333334,4.666666666666667,15.433333333333332,0.3333333333333333,0.0,0.0
45,2024-12-05,20:15,1,1,1.0,0.0,17,3.5,0.9,35.0,17,21.0,8.0,13.8,0.0,0,0,2,17,20,3,2.3333333333333335,2.3333333333333335,2.5,0.9666666666666667,48.0,14.333333333333334,4.333333333333333,17.233333333333334,0.3333333333333333,1.0,1.0
46,2024-12-08,14:00,0,1,2.0,1.0,9,3.2,1.3,56.0,12,22.0,6.0,16.4,0.0,0,0,2,9,14,6,2.0,1.3333333333333333,2.8000000000000003,0.7666666666666666,43.333333333333336,16.333333333333332,6.0,16.900000000000002,0.0,1.0,1.0
47,2024-12-16,20:00,1,0,1.0,1.0,18,1.9,2.1,52.0,2,29.0,9.0,18.3,1.0,0,0,2,18,20,0,2.3333333333333335,1.0,3.3333333333333335,0.9,43.666666666666664,17.333333333333332,6.333333333333333,17.2,0.0,1.0,1.0
48,2024-12-22,14:00,0,1,3.0,0.0,13,1.6,2.2,40.0,3,9.0,4.0,19.7,0.0,1,1,2,13,14,6,1.3333333333333333,0.6666666666666666,2.8666666666666667,1.4333333333333336,47.666666666666664,24.0,7.666666666666667,16.166666666666668,0.3333333333333333,0.0,0.0
49,2024-12-26,15:00,1,0,0.0,0.0,6,1.4,0.4,52.0,19,18.0,3.0,14.2,1.0,0,0,2,6,15,3,2.0,0.6666666666666666,2.233333333333333,1.8666666666666665,49.333333333333336,20.0,6.333333333333333,18.133333333333336,0.3333333333333333,0.3333333333333333,0.3333333333333333
50,2024-08-25,16:30,0,0,0.0,2.0,11,0.5,2.5,38.0,18,8.0,2.0,18.1,0.0,0,0,3,11,16,6,2.0,1.0,1.6,1.2,46.0,9.0,5.0,12.5,0.0,0.0,0.0
51,2024-08-31,15:00,1,1,3.0,1.0,16,2.8,1.5,37.0,9,20.0,7.0,14.5,0.0,0,0,3,16,15,5,1.0,1.5,1.05,1.85,42.0,8.5,3.5,15.3,0.0,0.0,0.0
52,2024-09-14,15:00,0,0,1.0,2.0,12,1.0,2.1,46.0,4,8.0,5.0,12.9,0.0,0,0,3,12,15,5,1.6666666666666667,1.3333333333333333,1.6333333333333335,1.7333333333333334,40.333333333333336,12.333333333333334,4.666666666666667,15.033333333333333,0.0,0.0,0.0
53,2024-09-21,15:00,0,0,1.0,3.0,17,0.8,3.5,52.0,8,6.0,6.0,14.4,0.0,0,0,3,17,15,5,1.3333333333333333,1.6666666666666667,1.4333333333333333,2.033333333333333,40.333333333333336,12.0,4.666666666666667,15.166666666666666,0.0,0.0,0.0
54,2024-09-28,15:00,1,0,1.0,1.0,18,0.4,1.0,57.0,17,8.0,3.0,20.7,1.0,0,0,3,18,15,5,1.6666666666666667,2.0,1.5333333333333332,2.3666666666666667,45.0,11.333333333333334,6.0,13.933333333333332,0.0,0.0,0.0
55,2024-10-05,15:00,1,1,5.0,3.0,19,4.2,1.0,44.0,0,18.0,11.0,13.0,1.0,1,1,3,19,15,5,1.0,2.0,0.7333333333333334,2.1999999999999997,51.666666666666664,7.333333333333333,4.666666666666667,16.0,0.3333333333333333,0.0,0.0
56,2024-10-19,15:00,0,0,1.0,2.0,13,0.9,1.3,50.0,16,8.0,2.0,17.9,1.0,0,0,3,13,15,5,2.3333333333333335,2.3333333333333335,1.8,1.8333333333333333,51.0,10.666666666666666,6.666666666666667,16.033333333333335,0.6666666666666666,0.3333333333333333,0.3333333333333333
57,2024-10-26,15:00,1,1,4.0,3.0,9,4.0,1.3,65.0,10,19.0,8.0,16.0,1.0,1,1,3,9,15,5,2.3333333333333335,2.0,1.8333333333333337,1.0999999999999999,50.333333333333336,11.333333333333334,5.333333333333333,17.2,1.0,0.3333333333333333,0.3333333333333333
58,2024-11-04,20:00,0,0,1.0,2.0,8,0.6,1.3,32.0,18,5.0,2.0,18.0,0.0,0,0,3,8,20,0,3.3333333333333335,2.6666666666666665,3.033333333333333,1.2,53.0,15.0,7.0,15.633333333333333,1.0,0.6666666666666666,0.6666666666666666
59,2024-11-09,15:00,1,1,3.0,2.0,2,1.5,2.6,51.0,4,12.0,6.0,14.6,0.0,0,0,3,2,15,5,2.0,2.3333333333333335,1.8333333333333333,1.3,49.0,10.666666666666666,4.0,17.3,0.6666666666666666,0.3333333333333333,0.3333333333333333
60,2024-11-23,15:00,0,0,0.0,0.0,7,1.1,1.2,41.0,2,9.0,2.0,18.4,0.0,0,0,3,7,15,5,2.6666666666666665,2.3333333333333335,2.033333333333333,1.7333333333333334,49.333333333333336,12.0,5.333333333333333,16.2,0.3333333333333333,0.3333333333333333,0.3333333333333333
61,2024-11-30,15:00,1,1,4.0,1.0,10,2.4,1.1,60.0,11,13.0,6.0,16.0,1.0,0,0,3,10,15,5,1.3333333333333333,1.3333333333333333,1.0666666666666667,1.7,41.333333333333336,8.666666666666666,3.3333333333333335,17.0,0.0,0.0,0.0
62,2024-12-04,20:15,0,0,1.0,3.0,1,0.9,2.4,51.0,10,9.0,1.0,14.0,0.0,0,0,3,1,20,2,2.3333333333333335,1.0,1.6666666666666667,1.6333333333333335,50.666666666666664,11.333333333333334,4.666666666666667,16.333333333333332,0.3333333333333333,0.0,0.0
63,2024-12-07,15:00,1,1,4.0,2.0,14,1.2,1.5,43.0,17,11.0,7.0,17.6,0.0,0,0,3,14,15,5,1.6666666666666667,1.3333333333333333,1.4666666666666668,1.5666666666666664,50.666666666666664,10.333333333333334,3.0,16.133333333333333,0.3333333333333333,0.0,0.0
64,2024-12-15,19:00,0,0,1.0,2.0,5,1.6,2.2,38.0,13,9.0,4.0,11.9,0.0,0,0,3,5,19,6,3.0,2.0,1.5,1.6666666666666663,51.333333333333336,11.0,4.666666666666667,15.866666666666667,0.3333333333333333,0.0,0.0
65,2024-12-21,15:00,1,0,0.0,2.0,15,0.7,0.9,64.0,11,7.0,3.0,10.8,0.0,0,0,3,15,15,5,2.0,2.3333333333333335,1.2333333333333334,2.033333333333333,44.0,9.666666666666666,4.0,14.5,0.0,0.0,0.0
66,2024-08-24,12:30,1,1,2.0,1.0,13,2.1,1.4,48.0,3,14.0,4.0,14.2,1.0,0,0,4,13,12,5,3.0,0.0,1.4,0.5,60.0,10.0,5.0,13.8,0.0,0.0,0.0
67,2024-08-31,12:30,0,0,1.0,1.0,0,1.7,2.1,64.0,2,22.0,4.0,19.3,0.0,0,0,4,0,12,5,2.5,0.5,1.75,0.95,54.0,12.0,4.5,14.0,0.5,0.0,0.0
68,2024-09-14,15:00,1,0,0.0,0.0,9,1.6,0.3,68.0,16,21.0,6.0,18.5,2.0,0,0,4,9,15,5,2.0,0.6666666666666666,1.7333333333333334,1.3333333333333333,57.333333333333336,15.333333333333334,4.333333333333333,15.766666666666666,0.3333333333333333,0.0,0.0
69,2024-09-22,14:00,1,0,2.0,2.0,15,1.0,1.4,70.0,14,14.0,3.0,17.4,1.0,0,0,4,15,14,6,1.0,0.6666666666666666,1.8,1.2666666666666666,60.0,19.0,4.666666666666667,17.333333333333332,1.0,0.0,0.0
70,2024-09-28,15:00,0,0,2.0,4.0,5,1.1,4.2,59.0,13,15.0,5.0,20.1,2.0,0,0,4,5,15,5,1.0,1.0,1.4333333333333333,1.2666666666666666,67.33333333333333,19.0,4.333333333333333,18.400000000000002,1.0,0.0,0.0
71,2024-10-06,16:30,1,1,3.0,2.0,17,1.8,1.3,41.0,6,11.0,4.0,14.8,0.0,0,0,4,17,16,6,1.3333333333333333,2.0,1.2333333333333334,1.9666666666666668,65.66666666666667,16.666666666666668,4.666666666666667,18.666666666666668,1.6666666666666667,0.0,0.0
72,2024-10-19,15:00,0,1,1.0,0.0,14,1.1,2.0,40.0,13,10.0,5.0,16.0,0.0,0,0,4,14,15,5,2.3333333333333335,2.6666666666666665,1.3,2.3,56.666666666666664,13.333333333333334,4.0,17.433333333333334,1.0,0.0,0.0
73,2024-10-26,15:00,1,0,2.0,2.0,19,1.3,1.3,51.0,11,19.0,6.0,17.5,1.0,0,0,4,19,15,5,2.0,2.0,1.3333333333333333,2.4999999999999996,46.666666666666664,12.0,4.666666666666667,16.96666666666667,0.6666666666666666,0.0,0.0
74,2024-11-02,15:00,0,0,1.0,2.0,11,1.0,1.6,51.0,21,13.0,5.0,19.6,2.0,0,0,4,11,15,5,2.0,1.3333333333333333,1.4000000000000001,1.533333333333333,44.0,13.333333333333334,5.0,16.099999999999998,0.3333333333333333,0.0,0.0
75,2024-11-09,17:30,1,1,2.0,1.0,12,2.3,2.1,40.0,16,10.0,4.0,13.5,1.0,0,0,4,12,17,5,1.3333333333333333,1.3333333333333333,1.1333333333333335,1.633333333333333,47.333333333333336,14.0,5.333333333333333,17.700000000000003,1.0,0.0,0.0
76,2024-11-23,15:00,0,1,2.0,1.0,2,0.9,1.6,45.0,18,6.0,4.0,13.9,0.0,0,0,4,2,15,5,1.6666666666666667,1.6666666666666667,1.5333333333333332,1.6666666666666663,47.333333333333336,14.0,5.0,16.86666666666667,1.3333333333333333,0.0,0.0
77,2024-11-29,20:00,1,0,1.0,1.0,16,1.7,1.0,53.0,14,22.0,5.0,16.5,0.0,0,0,4,16,20,4,1.6666666666666667,1.3333333333333333,1.4000000000000001,1.7666666666666664,45.333333333333336,9.666666666666666,4.333333333333333,15.66666666666667,1.0,0.0,0.0
78,2024-12-05,19:30,0,0,1.0,3.0,8,1.4,1.1,57.0,13,13.0,3.0,16.7,1.0,0,0,4,8,19,3,1.6666666666666667,1.0,1.6333333333333335,1.5666666666666664,46.0,12.666666666666666,4.333333333333333,14.633333333333335,0.3333333333333333,0.0,0.0
79,2024-12-08,14:00,0,0,2.0,2.0,10,1.5,1.3,44.0,18,16.0,7.0,19.0,2.0,0,0,4,10,14,6,1.3333333333333333,1.6666666666666667,1.3333333333333333,1.2333333333333332,51.666666666666664,13.666666666666666,4.0,15.700000000000001,0.3333333333333333,0.0,0.0
80,2024-12-15,14:00,1,0,1.0,3.0,6,1.0,2.2,64.0,11,17.0,5.0,20.6,1.0,0,0,4,6,14,6,1.3333333333333333,2.0,1.5333333333333334,1.133333333333333,51.333333333333336,17.0,5.0,17.400000000000002,1.0,0.0,0.0
81,2024-12-21,15:00,0,0,1.0,1.0,18,0.9,1.2,53.0,14,12.0,6.0,15.0,0.0,0,0,4,18,15,5,1.3333333333333333,2.6666666666666665,1.3,1.5333333333333332,55.0,15.333333333333334,5.0,18.76666666666667,1.3333333333333333,0.0,0.0
82,2024-08-25,14:00,0,1,6.0,2.0,19,1.6,1.9,60.0,5,14.0,8.0,15.4,1.0,0,0,5,19,14,6,0.0,2.0,1.0,0.8,48.0,10.0,3.0,17.1,0.0,0.0,0.0
83,2024-09-01,13:30,1,0,1.0,1.0,6,2.4,0.5,62.0,7,13.0,7.0,15.9,1.0,0,0,5,6,13,6,3.0,2.0,1.3,1.35,54.0,12.0,5.5,16.25,0.5,0.0,0.0
84,2024-09-14,20:00,0,1,1.0,0.0,2,0.8,1.7,66.0,1,10.0,3.0,18.2,0.0,0,0,5,2,20,5,2.3333333333333335,1.6666666666666667,1.6666666666666667,1.0666666666666667,56.666666666666664,12.333333333333334,6.0,16.133333333333336,0.6666666666666666,0.0,0.0
85,2024-09-21,12:30,0,1,3.0,0.0,18,2.2,0.9,47.0,16,12.0,5.0,15.0,0.0,0,0,5,18,12,5,2.6666666666666665,1.0,1.5999999999999999,1.3666666666666665,62.666666666666664,12.333333333333334,6.0,16.5,0.6666666666666666,0.0,0.0
86,2024-09-28,15:00,1,1,4.0,2.0,4,4.2,1.1,41.0,13,14.0,5.0,15.7,1.0,1,1,5,4,15,5,1.6666666666666667,0.3333333333333333,1.8,1.0333333333333332,58.333333333333336,11.666666666666666,5.0,16.366666666666667,0.3333333333333333,0.0,0.0
87,2024-10-06,14:00,1,0,1.0,1.0,15,2.3,0.9,65.0,2,22.0,8.0,17.2,0.0,0,0,5,15,14,6,2.6666666666666665,0.6666666666666666,2.4,1.2333333333333332,51.333333333333336,12.0,4.333333333333333,16.3,0.3333333333333333,0.3333333333333333,0.3333333333333333
88,2024-10-20,16:30,0,0,1.0,2.0,11,1.0,1.9,57.0,8,12.0,2.0,16.1,1.0,0,0,5,11,16,6,2.6666666666666665,1.0,2.9,0.9666666666666667,51.0,16.0,6.0,15.966666666666667,0.3333333333333333,0.3333333333333333,0.3333333333333333
89,2024-10-27,14:00,1,1,2.0,1.0,14,1.6,1.8,50.0,17,17.0,7.0,16.7,0.0,0,0,5,14,14,6,2.0,1.6666666666666667,2.4999999999999996,1.3,54.333333333333336,16.0,5.0,16.333333333333332,0.6666666666666666,0.3333333333333333,0.3333333333333333
90,2024-11-03,16:30,0,0,1.0,1.0,13,1.1,2.0,54.0,14,12.0,3.0,16.0,0.0,0,0,5,13,16,6,1.3333333333333333,1.3333333333333333,1.6333333333333329,1.5333333333333332,57.333333333333336,17.0,5.666666666666667,16.666666666666668,0.3333333333333333,0.0,0.0
91,2024-11-10,16:30,1,0,1.0,1.0,0,1.5,1.5,49.0,11,17.0,3.0,20.8,3.0,0,0,5,0,16,6,1.3333333333333333,1.3333333333333333,1.2333333333333332,1.8999999999999997,53.666666666666664,13.666666666666666,4.0,16.266666666666666,0.3333333333333333,0.0,0.0
92,2024-11-23,12:30,0,1,2.0,1.0,10,2.7,1.1,63.0,0,16.0,6.0,14.2,0.0,0,0,5,10,12,5,1.3333333333333333,1.0,1.3999999999999997,1.7666666666666666,51.0,15.333333333333334,4.333333333333333,17.833333333333332,1.0,0.0,0.0
93,2024-12-01,13:30,1,1,3.0,0.0,1,1.6,1.2,64.0,18,17.0,8.0,15.8,0.0,0,0,5,1,13,6,1.3333333333333333,1.0,1.7666666666666664,1.5333333333333332,55.333333333333336,15.0,4.0,17.0,1.0,0.0,0.0
94,2024-12-04,19:30,0,1,5.0,1.0,16,5.2,1.6,55.0,21,26.0,11.0,12.6,1.0,0,0,5,16,19,2,2.0,0.6666666666666666,1.9333333333333333,1.2666666666666666,58.666666666666664,16.666666666666668,5.666666666666667,16.933333333333334,1.0,0.0,0.0
95,2024-12-08,16:30,0,1,4.0,3.0,17,2.8,2.8,61.0,1,15.0,6.0,17.9,0.0,2,2,5,17,16,6,3.3333333333333335,0.6666666666666666,3.1666666666666665,1.3,60.666666666666664,19.666666666666668,8.333333333333334,14.200000000000001,0.3333333333333333,0.0,0.0
96,2024-12-15,19:00,1,1,2.0,1.0,3,2.2,1.6,62.0,13,26.0,8.0,16.2,0.0,0,0,5,3,19,6,4.0,1.3333333333333333,3.1999999999999997,1.8666666666666665,60.0,19.333333333333332,8.333333333333334,15.433333333333332,0.3333333333333333,0.6666666666666666,0.6666666666666666
97,2024-12-22,14:00,0,0,0.0,0.0,7,1.2,1.0,75.0,2,12.0,4.0,16.8,2.0,0,0,5,7,14,6,3.6666666666666665,1.6666666666666667,3.4,2.0,59.333333333333336,22.333333333333332,8.333333333333334,15.566666666666668,0.3333333333333333,0.6666666666666666,0.6666666666666666
98,2024-12-26,15:00,1,0,1.0,2.0,8,1.1,1.8,47.0,16,12.0,8.0,18.7,1.0,0,0,5,8,15,3,2.0,1.3333333333333333,2.0666666666666664,1.8,66.0,17.666666666666668,6.0,16.966666666666665,0.6666666666666666,0.6666666666666666,0.6666666666666666
99,2024-08-24,15:00,1,0,0.0,2.0,18,1.3,1.4,58.0,14,14.0,2.0,19.5,0.0,0,0,6,18,15,5,1.0,2.0,1.2,1.6,54.0,14.0,6.0,19.2,1.0,0.0,0.0
100,2024-09-01,13:30,0,0,1.0,1.0,5,0.5,2.4,38.0,7,9.0,3.0,20.6,1.0,0,0,6,5,13,6,0.5,2.0,1.25,1.5,56.0,14.0,4.0,19.35,0.5,0.0,0.0
101,2024-09-14,15:00,1,0,2.0,2.0,10,2.5,1.2,66.0,21,19.0,3.0,15.4,1.0,1,1,6,10,15,5,0.6666666666666666,1.6666666666666667,1.0,1.8,50.0,12.333333333333334,3.6666666666666665,19.766666666666666,0.6666666666666666,0.0,0.0
102,2024-09-21,17:30,1,0,0.0,0.0,13,1.0,1.6,33.0,6,9.0,4.0,14.6,0.0,0,0,6,13,17,5,1.0,1.6666666666666667,1.4333333333333333,1.6666666666666667,54.0,14.0,2.6666666666666665,18.5,0.6666666666666666,0.3333333333333333,0.3333333333333333
103,2024-09-28,15:00,0,0,1.0,2.0,7,0.9,0.9,59.0,0,17.0,4.0,17.3,1.0,0,0,6,7,15,5,1.0,1.0,1.3333333333333333,1.7333333333333334,45.666666666666664,12.333333333333334,3.3333333333333335,16.866666666666664,0.6666666666666666,0.3333333333333333,0.3333333333333333
104,2024-10-05,12:30,1,0,0.0,1.0,11,0.6,1.4,32.0,17,9.0,5.0,21.9,0.0,0,0,6,11,12,5,1.0,1.3333333333333333,1.4666666666666668,1.2333333333333334,52.666666666666664,15.0,3.6666666666666665,15.766666666666666,0.6666666666666666,0.3333333333333333,0.3333333333333333
105,2024-10-21,20:00,0,0,0.0,1.0,15,1.0,1.7,49.0,20,20.0,7.0,21.1,0.0,0,0,6,15,20,0,0.3333333333333333,1.0,0.8333333333333334,1.3,41.333333333333336,11.666666666666666,4.333333333333333,17.933333333333334,0.3333333333333333,0.0,0.0
106,2024-10-27,14:00,1,1,1.0,0.0,17,0.8,0.7,34.0,4,14.0,6.0,19.6,1.0,0,0,6,17,14,6,0.3333333333333333,1.3333333333333333,0.8333333333333334,1.3333333333333333,46.666666666666664,15.333333333333334,5.333333333333333,20.099999999999998,0.3333333333333333,0.0,0.0
107,2024-11-02,17:30,0,0,2.0,2.0,19,2.4,1.5,43.0,1,19.0,6.0,13.3,0.0,0,0,6,19,17,5,0.3333333333333333,0.6666666666666666,0.8000000000000002,1.2666666666666666,38.333333333333336,14.333333333333334,6.0,20.86666666666667,0.3333333333333333,0.0,0.0
108,2024-11-09,15:00,1,0,0.0,2.0,8,1.5,1.8,36.0,12,13.0,4.0,17.1,0.0,0,0,6,8,15,5,1.0,1.0,1.3999999999999997,1.3,42.0,17.666666666666668,6.333333333333333,18.0,0.3333333333333333,0.0,0.0
109,2024-11-23,15:00,0,0,2.0,2.0,1,1.3,3.0,31.0,20,13.0,6.0,18.3,1.0,0,0,6,1,15,5,1.0,1.3333333333333333,1.5666666666666664,1.3333333333333333,37.666666666666664,15.333333333333334,5.333333333333333,16.666666666666668,0.3333333333333333,0.0,0.0
110,2024-11-30,15:00,1,0,1.0,1.0,14,1.7,0.0,49.0,5,16.0,3.0,13.6,0.0,0,0,6,14,15,5,1.3333333333333333,2.0,1.7333333333333334,2.1,36.666666666666664,15.0,5.333333333333333,16.233333333333334,0.3333333333333333,0.0,0.0
111,2024-12-03,19:30,0,1,1.0,0.0,9,1.6,0.5,46.0,3,13.0,3.0,15.2,0.0,0,0,6,9,19,1,1.0,1.6666666666666667,1.5,1.5999999999999999,38.666666666666664,14.0,4.333333333333333,16.333333333333336,0.3333333333333333,0.0,0.0
112,2024-12-07,15:00,1,0,2.0,2.0,12,1.3,1.4,32.0,14,12.0,3.0,19.1,0.0,0,0,6,12,15,5,1.3333333333333333,1.0,1.5333333333333332,1.1666666666666667,42.0,14.0,4.0,15.700000000000001,0.3333333333333333,0.0,0.0
113,2024-12-15,14:00,0,1,3.0,1.0,4,2.2,1.0,36.0,11,13.0,5.0,12.6,0.0,0,0,6,4,14,6,1.3333333333333333,1.0,1.5333333333333332,0.6333333333333333,42.333333333333336,13.666666666666666,3.0,15.966666666666669,0.0,0.0,0.0
114,2024-12-21,17:30,1,0,1.0,5.0,0,1.6,2.5,42.0,17,15.0,6.0,16.3,0.0,0,0,6,0,17,5,2.0,1.0,1.7,0.9666666666666667,38.0,12.666666666666666,3.6666666666666665,15.633333333333333,0.0,0.0,0.0
115,2024-12-26,15:00,0,0,0.0,0.0,2,0.4,1.4,48.0,19,10.0,4.0,19.4,0.0,0,0,6,2,15,3,2.0,2.6666666666666665,1.7,1.6333333333333335,36.666666666666664,13.333333333333334,4.666666666666667,16.000000000000004,0.0,0.0,0.0
116,2024-08-24,15:00,0,0,0.0,4.0,17,1.0,2.4,30.0,1,10.0,1.0,10.0,0.0,0,0,7,17,15,5,0.0,3.0,0.5,1.4,40.0,9.0,1.0,18.4,0.0,0.0,0.0
117,2024-08-31,15:00,1,0,2.0,3.0,2,1.8,2.4,47.0,18,18.0,8.0,15.7,0.0,0,0,7,2,15,5,0.0,3.5,0.75,1.9,35.0,9.5,1.0,14.2,0.0,0.0,0.0
118,2024-09-14,17:30,0,0,2.0,3.0,1,0.9,2.1,28.0,3,6.0,2.0,12.6,0.0,0,0,7,1,17,5,0.6666666666666666,3.3333333333333335,1.0999999999999999,2.0666666666666664,39.0,12.333333333333334,3.3333333333333335,14.699999999999998,0.0,0.0,0.0
119,2024-09-21,15:00,0,0,1.0,1.0,10,1.1,0.7,42.0,5,17.0,5.0,17.7,1.0,0,0,7,10,15,5,1.3333333333333333,3.3333333333333335,1.2333333333333334,2.3,35.0,11.333333333333334,3.6666666666666665,12.766666666666666,0.0,0.0,0.0
120,2024-09-28,15:00,1,1,2.0,1.0,6,0.9,0.9,41.0,0,8.0,2.0,15.3,0.0,0,0,7,6,15,5,1.6666666666666667,2.3333333333333335,1.2666666666666668,1.7333333333333334,39.0,13.666666666666666,5.0,15.333333333333334,0.3333333333333333,0.0,0.0
121,2024-10-05,17:30,1,0,0.0,0.0,14,0.7,2.1,33.0,3,8.0,2.0,24.3,1.0,0,0,7,14,17,5,1.6666666666666667,1.6666666666666667,0.9666666666666667,1.2333333333333334,37.0,10.333333333333334,3.0,15.200000000000001,0.3333333333333333,0.0,0.0
122,2024-10-19,15:00,0,1,2.0,0.0,9,1.7,1.3,45.0,11,11.0,8.0,16.4,1.0,0,0,7,9,15,5,1.0,0.6666666666666666,0.9,1.2333333333333334,38.666666666666664,11.0,3.0,19.099999999999998,0.6666666666666666,0.0,0.0
123,2024-10-26,17:30,1,0,1.0,1.0,8,0.8,1.2,40.0,8,10.0,5.0,14.3,0.0,0,0,7,8,17,5,1.3333333333333333,0.3333333333333333,1.0999999999999999,1.4333333333333333,39.666666666666664,9.0,4.0,18.666666666666668,0.6666666666666666,0.0,0.0
124,2024-11-02,15:00,0,0,0.0,1.0,16,1.6,0.7,35.0,0,16.0,5.0,17.9,2.0,0,0,7,16,15,5,1.0,0.3333333333333333,1.0666666666666667,1.5333333333333332,39.333333333333336,9.666666666666666,5.0,18.333333333333336,0.6666666666666666,0.0,0.0
125,2024-11-09,15:00,0,0,0.0,0.0,18,1.1,0.8,51.0,18,18.0,4.0,18.2,0.0,0,0,7,18,15,5,1.0,0.6666666666666666,1.3666666666666665,1.0666666666666667,40.0,12.333333333333334,6.0,16.2,1.0,0.0,0.0
126,2024-11-23,15:00,1,0,0.0,0.0,3,1.2,1.1,59.0,2,27.0,5.0,19.9,0.0,0,0,7,3,15,5,0.3333333333333333,0.6666666666666666,1.1666666666666667,0.9,42.0,14.666666666666666,4.666666666666667,16.8,0.6666666666666666,0.0,0.0
127,2024-12-01,13:30,0,0,0.0,4.0,13,0.6,1.1,40.0,8,8.0,2.0,21.3,2.0,0,0,7,13,13,6,0.0,0.3333333333333333,1.3,0.8666666666666667,48.333333333333336,20.333333333333332,4.666666666666667,18.666666666666668,0.6666666666666666,0.0,0.0
128,2024-12-04,19:30,1,1,4.0,0.0,19,1.0,0.8,44.0,12,13.0,4.0,18.7,1.0,0,0,7,19,19,2,0.0,1.3333333333333333,0.9666666666666667,1.0,50.0,17.666666666666668,3.6666666666666665,19.8,0.6666666666666666,0.0,0.0
129,2024-12-14,15:00,0,0,0.0,0.0,0,0.1,1.2,24.0,3,2.0,0.0,19.3,0.0,0,0,7,0,15,5,1.3333333333333333,1.3333333333333333,0.9333333333333332,1.0000000000000002,47.666666666666664,16.0,3.6666666666666665,19.96666666666667,1.0,0.0,0.0
130,2024-12-22,14:00,1,0,0.0,0.0,5,1.0,1.2,25.0,2,5.0,4.0,19.8,1.0,0,0,7,5,14,6,1.3333333333333333,1.3333333333333333,0.5666666666666667,1.0333333333333334,36.0,7.666666666666667,2.0,19.76666666666667,1.0,0.0,0.0
131,2024-12-26,12:30,0,0,1.0,1.0,12,0.7,2.1,34.0,17,8.0,3.0,16.8,0.0,0,0,7,12,12,3,1.3333333333333333,0.0,0.7000000000000001,1.0666666666666667,31.0,6.666666666666667,2.6666666666666665,19.266666666666666,0.6666666666666666,0.0,0.0
132,2024-08-24,15:00,1,1,2.0,1.0,10,1.8,0.6,54.0,4,18.0,6.0,15.8,1.0,0,0,8,10,15,5,0.0,1.0,0.4,2.4,45.0,10.0,2.0,16.9,0.0,0.0,0.0
133,2024-08-31,15:00,0,0,1.0,1.0,9,0.9,0.4,52.0,10,9.0,4.0,13.1,0.0,0,0,8,9,15,5,1.0,1.0,1.1,1.5,49.5,14.0,4.0,16.35,0.5,0.0,0.0
134,2024-09-14,15:00,1,0,1.0,1.0,18,1.5,0.8,54.0,20,21.0,5.0,16.4,2.0,0,0,8,18,15,5,1.0,1.0,1.0333333333333334,1.1333333333333333,50.333333333333336,12.333333333333334,4.0,15.266666666666666,0.3333333333333333,0.0,0.0
135,2024-09-21,15:00,1,1,3.0,1.0,14,2.2,1.5,39.0,13,22.0,11.0,15.4,0.0,0,0,8,14,15,5,1.3333333333333333,1.0,1.4000000000000001,0.6,53.333333333333336,16.0,5.0,15.1,1.0,0.0,0.0
136,2024-09-28,15:00,0,1,1.0,0.0,15,1.3,0.8,59.0,9,13.0,1.0,20.2,0.0,1,1,8,15,15,5,1.6666666666666667,1.0,1.5333333333333332,0.9,48.333333333333336,17.333333333333332,6.666666666666667,14.966666666666667,0.6666666666666666,0.0,0.0
137,2024-10-05,15:00,0,0,2.0,3.0,12,2.6,1.6,42.0,13,11.0,4.0,14.0,0.0,0,0,8,12,15,5,1.6666666666666667,0.6666666666666666,1.6666666666666667,1.0333333333333332,50.666666666666664,18.666666666666668,5.666666666666667,17.333333333333332,0.6666666666666666,0.3333333333333333,0.3333333333333333
138,2024-10-19,15:00,1,0,1.0,3.0,1,1.8,1.6,52.0,5,9.0,3.0,12.3,0.0,0,1,8,1,15,5,2.0,1.3333333333333333,2.0333333333333337,1.3,46.666666666666664,15.333333333333334,5.333333333333333,16.53333333333333,0.0,0.3333333333333333,0.3333333333333333
139,2024-10-26,17:30,0,0,1.0,1.0,7,1.2,0.8,60.0,8,14.0,3.0,18.2,0.0,0,0,8,7,17,5,1.3333333333333333,2.0,1.9000000000000001,1.3333333333333333,51.0,11.0,2.6666666666666665,15.5,0.0,0.3333333333333333,0.6666666666666666
140,2024-11-04,20:00,1,1,2.0,1.0,3,1.3,0.6,68.0,18,26.0,12.0,18.3,0.0,0,0,8,3,20,0,1.3333333333333333,2.3333333333333335,1.866666666666667,1.3333333333333333,51.333333333333336,11.333333333333334,3.3333333333333335,14.83333333333333,0.0,0.0,0.3333333333333333
141,2024-11-09,15:00,0,1,2.0,0.0,6,1.8,1.5,64.0,12,17.0,7.0,17.0,0.0,0,0,8,6,15,5,1.3333333333333333,1.6666666666666667,1.4333333333333333,1.0,60.0,16.333333333333332,6.0,16.266666666666666,0.0,0.0,0.3333333333333333
142,2024-11-23,15:00,1,0,1.0,4.0,19,1.0,1.3,59.0,14,10.0,3.0,17.2,0.0,0,0,8,19,15,5,1.6666666666666667,0.6666666666666666,1.4333333333333336,0.9666666666666668,64.0,19.0,7.333333333333333,17.833333333333332,0.0,0.0,0.0
143,2024-12-01,13:30,0,0,1.0,1.0,17,1.5,0.8,49.0,4,14.0,6.0,13.4,0.0,0,0,8,17,13,6,1.6666666666666667,1.6666666666666667,1.3666666666666665,1.1333333333333335,63.666666666666664,17.666666666666668,7.333333333333333,17.499999999999996,0.0,0.0,0.0
144,2024-12-05,19:30,1,1,3.0,1.0,4,1.1,1.4,43.0,13,6.0,2.0,14.3,0.0,0,0,8,4,19,3,1.3333333333333333,1.6666666666666667,1.4333333333333336,1.2000000000000002,57.333333333333336,13.666666666666666,5.333333333333333,15.866666666666662,0.0,0.0,0.0
145,2024-12-08,14:00,1,0,1.0,1.0,0,0.2,1.8,34.0,2,2.0,2.0,14.4,0.0,0,0,8,0,14,6,1.6666666666666667,2.0,1.2,1.1666666666666667,50.333333333333336,10.0,3.6666666666666665,14.966666666666663,0.0,0.0,0.0
146,2024-12-14,15:00,0,0,2.0,2.0,11,1.2,2.1,39.0,21,12.0,3.0,16.9,1.0,0,0,8,11,15,5,1.6666666666666667,1.0,0.9333333333333335,1.3333333333333333,42.0,7.333333333333333,3.3333333333333335,14.033333333333331,0.0,0.0,0.0
147,2024-12-22,14:00,1,0,0.0,0.0,16,0.9,0.3,57.0,20,15.0,5.0,20.0,0.0,0,0,8,16,14,6,2.0,1.3333333333333333,0.8333333333333334,1.7666666666666668,38.666666666666664,6.666666666666667,2.3333333333333335,15.199999999999998,0.3333333333333333,0.0,0.0
148,2024-12-26,15:00,0,1,2.0,1.0,5,1.8,1.1,53.0,16,14.0,7.0,16.2,1.0,0,0,8,5,15,3,1.0,1.0,0.7666666666666666,1.4000000000000001,43.333333333333336,9.666666666666666,3.3333333333333335,17.099999999999998,0.3333333333333333,0.0,0.0
149,2024-08-24,15:00,0,0,1.0,4.0,12,0.3,3.3,25.0,15,1.0,1.0,21.1,0.0,0,0,9,12,15,5,0.0,2.0,0.5,2.6,38.0,7.0,2.0,16.0,0.0,0.0,0.0
150,2024-08-31,15:00,1,0,1.0,1.0,8,0.4,0.9,48.0,10,11.0,4.0,18.0,1.0,0,0,9,8,15,5,0.5,3.0,0.4,2.95,31.5,4.0,1.5,18.55,0.0,0.0,0.0
151,2024-09-14,15:00,0,0,0.0,0.0,4,0.3,1.6,32.0,16,6.0,1.0,16.6,0.0,0,0,9,4,15,5,0.6666666666666666,2.3333333333333335,0.39999999999999997,2.2666666666666666,37.0,6.333333333333333,2.3333333333333335,18.366666666666667,0.3333333333333333,0.0,0.0
152,2024-09-21,15:00,0,0,1.0,1.0,16,1.6,2.4,47.0,15,13.0,6.0,14.1,0.0,0,0,9,16,15,5,0.6666666666666666,1.6666666666666667,0.3333333333333333,1.933333333333333,35.0,6.0,2.0,18.566666666666666,0.3333333333333333,0.0,0.0
153,2024-09-29,14:00,1,0,2.0,2.0,1,1.2,0.8,44.0,18,15.0,5.0,18.4,0.0,0,0,9,1,14,6,0.6666666666666666,0.6666666666666666,0.7666666666666666,1.6333333333333335,42.333333333333336,10.0,3.6666666666666665,16.233333333333334,0.3333333333333333,0.0,0.0
154,2024-10-05,15:00,0,0,1.0,4.0,18,0.6,3.6,48.0,1,9.0,2.0,17.2,0.0,0,0,9,18,15,5,1.0,1.0,1.0333333333333334,1.5999999999999999,41.0,11.333333333333334,4.0,16.366666666666667,0.0,0.0,0.0
155,2024-10-19,15:00,1,0,0.0,2.0,7,1.3,1.7,55.0,11,13.0,2.0,16.6,2.0,0,0,9,7,15,5,1.3333333333333333,2.3333333333333335,1.1333333333333333,2.2666666666666666,46.333333333333336,12.333333333333334,4.333333333333333,16.566666666666666,0.0,0.0,0.0
156,2024-10-26,15:00,0,0,3.0,4.0,3,1.3,4.0,35.0,10,11.0,5.0,17.4,0.0,0,0,9,3,15,5,1.0,2.6666666666666665,1.0333333333333332,2.0333333333333337,49.0,12.333333333333334,3.0,17.400000000000002,0.6666666666666666,0.0,0.0
157,2024-11-02,15:00,1,0,1.0,1.0,10,1.0,1.5,43.0,20,14.0,2.0,16.9,1.0,0,0,9,10,15,5,1.3333333333333333,3.3333333333333335,1.0666666666666667,3.1,46.0,11.0,3.0,17.066666666666666,0.6666666666666666,0.0,0.0
158,2024-11-10,14:00,0,1,2.0,1.0,17,1.6,1.5,34.0,5,8.0,3.0,11.4,0.0,0,0,9,17,14,6,1.3333333333333333,2.3333333333333335,1.2,2.4,44.333333333333336,12.666666666666666,3.0,16.966666666666665,1.0,0.0,0.0
159,2024-11-24,16:30,1,0,1.0,1.0,13,1.6,0.8,40.0,1,11.0,6.0,19.5,1.0,0,0,9,13,16,6,2.0,2.0,1.3,2.3333333333333335,37.333333333333336,11.0,3.3333333333333335,15.233333333333334,0.3333333333333333,0.0,0.0
160,2024-11-30,15:00,0,0,0.0,1.0,15,0.6,1.6,55.0,21,7.0,2.0,14.9,0.0,0,0,9,15,15,5,1.3333333333333333,1.0,1.4000000000000001,1.2666666666666666,39.0,11.0,3.6666666666666665,15.933333333333332,0.6666666666666666,0.0,0.0
161,2024-12-03,19:30,1,0,0.0,1.0,6,0.5,1.6,54.0,3,9.0,2.0,17.6,0.0,0,0,9,6,19,1,1.0,1.0,1.2666666666666668,1.3,43.0,8.666666666666666,3.6666666666666665,15.266666666666667,0.3333333333333333,0.0,0.0
162,2024-12-08,14:00,1,0,1.0,2.0,2,1.3,3.2,44.0,12,18.0,5.0,18.4,0.0,0,0,9,2,14,6,0.3333333333333333,1.0,0.9,1.3333333333333333,49.666666666666664,9.0,3.3333333333333335,17.333333333333336,0.3333333333333333,0.0,0.0
163,2024-12-14,15:00,0,1,2.0,1.0,19,1.1,1.3,46.0,17,10.0,3.0,15.7,0.0,0,0,9,19,15,5,0.3333333333333333,1.3333333333333333,0.8000000000000002,2.1333333333333333,51.0,11.333333333333334,3.0,16.96666666666667,0.0,0.0,0.0
164,2024-12-21,15:00,1,0,0.0,4.0,14,0.7,2.3,42.0,18,10.0,2.0,17.8,0.0,0,0,9,14,15,5,1.0,1.3333333333333333,0.9666666666666668,2.033333333333333,48.0,12.333333333333334,3.3333333333333335,17.233333333333334,0.0,0.0,0.0
165,2024-08-24,15:00,0,0,1.0,2.0,8,0.6,1.8,46.0,4,10.0,4.0,22.5,1.0,0,0,10,8,15,5,1.0,1.0,1.0,1.2,30.0,7.0,3.0,16.4,0.0,0.0,0.0
166,2024-08-31,15:00,1,0,1.0,2.0,1,0.4,1.4,57.0,6,9.0,3.0,20.6,0.0,0,0,10,1,15,5,1.0,1.5,0.8,1.5,38.0,8.5,3.5,19.45,0.5,0.0,0.0
167,2024-09-14,15:00,0,0,2.0,2.0,6,1.2,2.5,34.0,21,9.0,4.0,19.2,0.0,0,0,10,6,15,5,1.0,1.6666666666666667,0.6666666666666666,1.4666666666666668,44.333333333333336,8.666666666666666,3.3333333333333335,19.833333333333332,0.3333333333333333,0.0,0.0
168,2024-09-21,15:00,1,0,1.0,1.0,7,0.7,1.1,58.0,5,12.0,2.0,16.0,0.0,0,0,10,7,15,5,1.3333333333333333,2.0,0.7333333333333334,1.8999999999999997,45.666666666666664,9.333333333333334,3.6666666666666665,20.766666666666666,0.3333333333333333,0.0,0.0
169,2024-09-28,15:00,0,0,2.0,4.0,0,0.3,4.4,26.0,16,5.0,3.0,14.5,0.0,0,0,10,0,15,5,1.3333333333333333,1.6666666666666667,0.7666666666666666,1.6666666666666667,49.666666666666664,10.0,3.0,18.599999999999998,0.0,0.0,0.0
170,2024-10-05,15:00,1,1,1.0,0.0,2,0.8,2.1,45.0,4,6.0,2.0,18.8,0.0,0,0,10,2,15,5,1.6666666666666667,2.3333333333333335,0.7333333333333333,2.6666666666666665,39.333333333333336,8.666666666666666,3.0,16.566666666666666,0.0,0.0,0.0
171,2024-10-19,15:00,0,1,3.0,2.0,16,3.1,2.1,58.0,1,17.0,3.0,16.5,0.0,1,1,10,16,15,5,1.3333333333333333,1.6666666666666667,0.6,2.533333333333333,43.0,7.666666666666667,2.3333333333333335,16.433333333333334,0.0,0.0,0.0
172,2024-10-25,20:00,1,0,1.0,3.0,15,0.8,1.7,65.0,3,11.0,1.0,21.5,0.0,0,0,10,15,20,4,2.0,2.0,1.4000000000000001,2.866666666666667,43.0,9.333333333333334,2.6666666666666665,16.599999999999998,0.0,0.3333333333333333,0.3333333333333333
173,2024-11-02,15:00,0,0,1.0,1.0,9,1.5,1.0,57.0,20,20.0,5.0,16.7,0.0,0,0,10,9,15,5,1.6666666666666667,1.6666666666666667,1.5666666666666667,1.9666666666666668,56.0,11.333333333333334,2.0,18.933333333333334,0.0,0.3333333333333333,0.3333333333333333
174,2024-11-10,14:00,0,0,0.0,3.0,13,0.6,0.8,49.0,13,6.0,5.0,23.7,0.0,0,0,10,13,14,6,1.6666666666666667,2.0,1.8,1.5999999999999999,60.0,16.0,3.0,18.233333333333334,0.0,0.3333333333333333,0.3333333333333333
175,2024-11-23,12:30,1,0,1.0,2.0,5,1.1,2.7,37.0,0,3.0,0.0,18.8,0.0,1,1,10,5,12,5,0.6666666666666666,2.3333333333333335,0.9666666666666667,1.1666666666666667,57.0,12.333333333333334,3.6666666666666665,20.633333333333336,0.0,0.0,0.0
176,2024-11-30,15:00,0,0,1.0,4.0,3,1.1,2.4,40.0,11,7.0,3.0,16.9,0.0,0,0,10,3,15,5,0.6666666666666666,2.0,1.0666666666666667,1.5,47.666666666666664,9.666666666666666,3.3333333333333335,19.733333333333334,0.0,0.3333333333333333,0.3333333333333333
177,2024-12-03,20:15,1,1,3.0,1.0,18,1.7,3.0,39.0,9,8.0,6.0,12.7,0.0,0,0,10,18,20,1,0.6666666666666666,3.0,0.9333333333333332,1.9666666666666668,42.0,5.333333333333333,2.6666666666666665,19.8,0.0,0.3333333333333333,0.3333333333333333
178,2024-12-08,14:00,1,0,2.0,2.0,4,1.3,1.5,56.0,18,10.0,3.0,14.5,1.0,0,0,10,4,14,6,1.6666666666666667,2.3333333333333335,1.3,2.6999999999999997,38.666666666666664,6.0,3.0,16.133333333333336,0.0,0.3333333333333333,0.3333333333333333
179,2024-12-14,15:00,0,0,0.0,4.0,14,0.2,3.8,41.0,19,4.0,1.0,16.6,0.0,0,0,10,14,15,5,2.0,2.3333333333333335,1.3666666666666665,2.3000000000000003,45.0,8.333333333333334,4.0,14.699999999999998,0.3333333333333333,0.0,0.0
180,2024-12-22,14:00,1,0,0.0,3.0,19,0.8,1.1,54.0,1,9.0,4.0,15.7,0.0,0,0,10,19,14,6,1.6666666666666667,2.3333333333333335,1.0666666666666667,2.766666666666666,45.333333333333336,7.333333333333333,3.3333333333333335,14.6,0.3333333333333333,0.0,0.0
181,2024-12-26,20:00,0,0,1.0,3.0,11,0.3,2.0,32.0,4,4.0,1.0,16.2,0.0,0,0,10,11,20,3,0.6666666666666666,3.0,0.7666666666666666,2.1333333333333333,50.333333333333336,7.666666666666667,2.6666666666666665,15.6,0.3333333333333333,0.0,0.0
182,2024-08-25,16:30,1,1,2.0,0.0,3,2.5,0.5,62.0,18,19.0,8.0,13.6,1.0,0,0,11,3,16,6,2.0,0.0,2.6,0.5,62.0,18.0,5.0,14.8,0.0,0.0,0.0
183,2024-09-01,16:00,0,1,3.0,0.0,13,1.8,1.4,47.0,1,11.0,3.0,13.4,0.0,0,0,11,13,16,6,2.0,0.0,2.55,0.5,62.0,18.5,6.5,14.2,0.5,0.0,0.0
184,2024-09-14,15:00,1,0,0.0,1.0,15,0.9,0.4,68.0,11,14.0,5.0,14.9,0.0,0,0,11,15,15,5,2.3333333333333335,0.0,2.3000000000000003,0.7999999999999999,57.0,16.0,5.333333333333333,13.933333333333332,0.3333333333333333,0.0,0.0
185,2024-09-21,15:00,1,1,3.0,0.0,2,2.0,1.1,58.0,21,19.0,12.0,16.6,0.0,0,0,11,2,15,5,1.6666666666666667,0.3333333333333333,1.7333333333333334,0.7666666666666666,59.0,14.666666666666666,5.333333333333333,13.966666666666667,0.3333333333333333,0.0,0.0
186,2024-09-28,17:30,0,1,2.0,1.0,19,2.5,0.6,55.0,1,9.0,5.0,18.0,1.0,1,1,11,19,17,5,2.0,0.3333333333333333,1.5666666666666667,0.9666666666666667,57.666666666666664,14.666666666666666,6.666666666666667,14.966666666666667,0.0,0.0,0.0
187,2024-10-05,12:30,0,1,1.0,0.0,6,1.4,0.6,68.0,17,16.0,4.0,18.9,0.0,0,0,11,6,12,5,1.6666666666666667,0.6666666666666666,1.8,0.7000000000000001,60.333333333333336,14.0,7.333333333333333,16.5,0.3333333333333333,0.3333333333333333,0.3333333333333333
188,2024-10-20,16:30,1,1,2.0,1.0,5,1.9,1.0,43.0,8,8.0,4.0,22.7,1.0,1,1,11,5,16,6,2.0,0.3333333333333333,1.9666666666666668,0.7666666666666666,60.333333333333336,14.666666666666666,7.0,17.833333333333332,0.3333333333333333,0.3333333333333333,0.3333333333333333
189,2024-10-27,16:30,0,0,2.0,2.0,0,0.8,0.9,55.0,1,9.0,4.0,17.8,0.0,0,0,11,0,16,6,1.6666666666666667,0.6666666666666666,1.9333333333333333,0.7333333333333334,55.333333333333336,11.0,4.333333333333333,19.866666666666664,0.6666666666666666,0.6666666666666666,0.6666666666666666
190,2024-11-02,15:00,1,1,2.0,1.0,4,1.6,1.0,49.0,21,16.0,8.0,14.0,0.0,0,0,11,4,15,5,1.6666666666666667,1.0,1.3666666666666665,0.8333333333333334,55.333333333333336,11.0,4.0,19.8,0.3333333333333333,0.3333333333333333,0.3333333333333333
191,2024-11-09,20:00,1,1,2.0,0.0,1,2.0,1.2,62.0,6,14.0,5.0,16.1,0.0,0,0,11,1,20,5,2.0,1.3333333333333333,1.4333333333333333,0.9666666666666667,49.0,11.0,5.333333333333333,18.166666666666668,0.3333333333333333,0.3333333333333333,0.3333333333333333
192,2024-11-24,14:00,0,1,3.0,2.0,16,3.1,1.3,62.0,16,26.0,10.0,18.2,1.0,1,1,11,16,14,6,2.0,1.0,1.4666666666666668,1.0333333333333334,55.333333333333336,13.0,5.666666666666667,15.966666666666669,0.0,0.0,0.0
193,2024-12-01,16:00,1,1,2.0,0.0,12,3.4,0.8,44.0,2,17.0,6.0,17.5,0.0,1,1,11,12,16,6,2.3333333333333335,1.0,2.2333333333333334,1.1666666666666667,57.666666666666664,18.666666666666668,7.666666666666667,16.099999999999998,0.3333333333333333,0.3333333333333333,0.3333333333333333
194,2024-12-04,19:30,0,0,3.0,3.0,14,1.9,2.1,58.0,0,16.0,5.0,12.7,0.0,0,0,11,14,19,2,2.3333333333333335,0.6666666666666666,2.8333333333333335,1.1,56.0,19.0,7.0,17.266666666666666,0.3333333333333333,0.6666666666666666,0.6666666666666666
195,2024-12-14,15:00,1,0,2.0,2.0,8,2.1,1.2,61.0,21,16.0,4.0,13.9,0.0,0,0,11,8,15,5,2.6666666666666665,1.6666666666666667,2.7999999999999994,1.4000000000000004,54.666666666666664,19.666666666666668,7.0,16.133333333333333,0.3333333333333333,0.6666666666666666,0.6666666666666666
196,2024-12-22,16:30,0,1,6.0,3.0,17,5.6,1.3,48.0,16,24.0,11.0,13.3,0.0,0,0,11,17,16,6,2.3333333333333335,1.6666666666666667,2.466666666666667,1.366666666666667,54.333333333333336,16.333333333333332,5.0,14.700000000000001,0.0,0.3333333333333333,0.3333333333333333
197,2024-12-26,20:00,1,1,3.0,1.0,10,2.0,0.3,68.0,4,19.0,7.0,15.3,0.0,0,0,11,10,20,3,3.6666666666666665,2.6666666666666665,3.1999999999999997,1.5333333333333334,55.666666666666664,18.666666666666668,6.666666666666667,13.299999999999999,0.0,0.0,0.0
198,2024-08-24,15:00,1,1,4.0,1.0,9,3.3,0.3,75.0,15,13.0,4.0,17.8,1.0,1,1,12,9,15,5,2.0,0.0,0.8,1.0,52.0,11.0,5.0,19.1,0.0,0.0,0.0
199,2024-08-31,17:30,0,1,3.0,1.0,18,3.0,0.7,67.0,11,23.0,8.0,15.0,1.0,0,0,12,18,17,5,3.0,0.5,2.05,0.65,63.5,12.0,4.5,18.450000000000003,0.5,0.5,0.5
200,2024-09-14,15:00,1,1,2.0,1.0,3,2.1,1.0,54.0,4,18.0,7.0,17.2,0.0,0,0,12,3,15,5,3.0,0.6666666666666666,2.3666666666666667,0.6666666666666666,64.66666666666667,15.666666666666666,5.666666666666667,17.3,0.6666666666666666,0.3333333333333333,0.3333333333333333
201,2024-09-22,16:30,1,0,2.0,2.0,0,2.1,0.7,77.0,11,33.0,11.0,20.2,1.0,0,0,12,0,16,6,3.0,1.0,2.8000000000000003,0.6666666666666666,65.33333333333333,18.0,6.333333333333333,16.666666666666668,0.6666666666666666,0.3333333333333333,0.3333333333333333
202,2024-09-28,12:30,0,0,1.0,1.0,14,0.9,1.6,62.0,7,16.0,6.0,17.6,0.0,0,0,12,14,12,5,2.3333333333333335,1.3333333333333333,2.4,0.7999999999999999,66.0,24.666666666666668,8.666666666666666,17.46666666666667,0.6666666666666666,0.0,0.0
203,2024-10-05,15:00,1,1,3.0,2.0,8,1.6,2.6,58.0,13,20.0,7.0,17.6,1.0,0,0,12,8,15,5,1.6666666666666667,1.3333333333333333,1.7000000000000002,1.0999999999999999,64.33333333333333,22.333333333333332,8.0,18.333333333333332,0.3333333333333333,0.0,0.0
204,2024-10-20,14:00,0,1,2.0,1.0,19,1.6,0.8,77.0,2,22.0,7.0,18.3,2.0,0,0,12,19,14,6,2.0,1.6666666666666667,1.5333333333333332,1.6333333333333335,65.66666666666667,23.0,8.0,18.46666666666667,0.6666666666666666,0.0,0.0
205,2024-10-26,15:00,1,1,1.0,0.0,16,2.9,0.2,57.0,21,22.0,7.0,16.6,0.0,0,0,12,16,15,5,2.0,1.3333333333333333,1.3666666666666665,1.6666666666666667,65.66666666666667,19.333333333333332,6.666666666666667,17.833333333333332,1.0,0.0,0.0
206,2024-11-02,15:00,0,0,1.0,2.0,2,1.6,2.0,64.0,11,18.0,4.0,14.5,0.0,0,0,12,2,15,5,2.0,1.0,2.033333333333333,1.2000000000000002,64.0,21.333333333333332,7.0,17.500000000000004,1.0,0.0,0.0
207,2024-11-09,17:30,0,0,1.0,2.0,4,2.1,2.3,60.0,16,15.0,6.0,14.1,0.0,0,0,12,4,17,5,1.3333333333333333,1.0,2.0333333333333337,1.0,66.0,20.666666666666668,6.0,16.46666666666667,0.6666666666666666,0.0,0.0
208,2024-11-23,17:30,1,0,0.0,4.0,17,2.1,2.5,58.0,8,23.0,5.0,14.4,0.0,0,0,12,17,17,5,1.0,1.3333333333333333,2.1999999999999997,1.5,60.333333333333336,18.333333333333332,5.666666666666667,15.066666666666668,0.0,0.0,0.0
209,2024-12-01,16:00,0,0,0.0,2.0,11,0.8,3.4,56.0,2,8.0,2.0,16.2,0.0,0,0,12,11,16,6,0.6666666666666666,2.6666666666666665,1.9333333333333336,2.2666666666666666,60.666666666666664,18.666666666666668,5.0,14.333333333333334,0.0,0.0,0.0
210,2024-12-04,19:30,1,1,3.0,0.0,15,2.4,1.0,66.0,11,17.0,6.0,15.2,1.0,0,0,12,15,19,2,0.3333333333333333,2.6666666666666665,1.666666666666667,2.733333333333333,58.0,15.333333333333334,4.333333333333333,14.9,0.0,0.0,0.0
211,2024-12-07,15:00,0,0,2.0,2.0,6,1.4,1.3,68.0,14,12.0,4.0,15.1,0.0,0,0,12,6,15,5,1.0,2.0,1.7666666666666666,2.3000000000000003,60.0,16.0,4.333333333333333,15.266666666666666,0.3333333333333333,0.0,0.0
212,2024-12-15,16:30,1,0,1.0,2.0,13,0.9,2.1,52.0,1,10.0,3.0,18.7,0.0,0,0,12,13,16,6,1.6666666666666667,1.3333333333333333,1.5333333333333332,1.9000000000000001,63.333333333333336,12.333333333333334,4.0,15.5,0.3333333333333333,0.0,0.0
213,2024-12-21,12:30,0,0,1.0,2.0,1,1.0,1.6,56.0,13,12.0,6.0,18.4,0.0,0,0,12,1,12,5,2.0,1.3333333333333333,1.5666666666666667,1.4666666666666668,62.0,13.0,4.333333333333333,16.333333333333332,0.3333333333333333,0.0,0.0
214,2024-12-26,12:30,1,0,1.0,1.0,7,2.1,0.7,66.0,17,23.0,4.0,17.2,1.0,0,1,12,7,12,3,1.3333333333333333,2.0,1.0999999999999999,1.6666666666666667,58.666666666666664,11.333333333333334,4.333333333333333,17.399999999999995,0.0,0.0,0.0
215,2024-08-24,12:30,0,0,1.0,2.0,4,1.4,2.1,52.0,3,11.0,3.0,16.3,0.0,0,0,13,4,12,5,1.0,0.0,2.4,0.4,55.0,14.0,5.0,17.6,0.0,0.0,0.0
216,2024-09-01,16:00,1,0,0.0,3.0,11,1.4,1.8,53.0,1,8.0,3.0,15.6,0.0,0,0,13,11,16,6,1.0,1.0,1.9,1.25,53.5,12.5,4.0,16.950000000000003,0.0,0.0,0.0
217,2024-09-14,12:30,0,1,3.0,0.0,16,2.6,1.1,56.0,18,20.0,10.0,17.4,0.0,0,0,13,16,12,5,0.6666666666666666,1.6666666666666667,1.7333333333333332,1.4333333333333333,53.333333333333336,11.0,3.6666666666666665,16.5,0.0,0.0,0.0
218,2024-09-21,17:30,0,0,0.0,0.0,6,1.6,1.0,67.0,6,15.0,6.0,13.9,0.0,0,0,13,6,17,5,1.3333333333333333,1.6666666666666667,1.8,1.6666666666666667,53.666666666666664,13.0,5.333333333333333,16.433333333333334,0.0,0.0,0.0
219,2024-09-29,16:30,1,0,0.0,3.0,17,1.0,4.4,39.0,2,11.0,2.0,15.1,0.0,0,0,13,17,16,6,1.0,1.0,1.8666666666666665,1.3,58.666666666666664,14.333333333333334,6.333333333333333,15.633333333333333,0.0,0.0,0.0
220,2024-10-06,14:00,0,0,0.0,0.0,1,0.6,0.5,47.0,14,10.0,4.0,21.5,1.0,0,0,13,1,14,6,1.0,1.0,1.7333333333333334,2.166666666666667,54.0,15.333333333333334,6.0,15.466666666666667,0.0,0.0,0.0
221,2024-10-19,15:00,1,1,2.0,1.0,3,1.3,0.9,50.0,16,23.0,11.0,18.7,0.0,0,0,13,3,15,5,0.0,1.0,1.0666666666666667,1.9666666666666668,51.0,12.0,4.0,16.833333333333332,0.3333333333333333,0.0,0.0
222,2024-10-27,14:00,0,0,1.0,2.0,18,2.3,2.8,58.0,6,18.0,5.0,18.0,1.0,0,0,13,18,14,6,0.6666666666666666,1.3333333333333333,0.9666666666666667,1.9333333333333336,45.333333333333336,14.666666666666666,5.666666666666667,18.433333333333334,0.3333333333333333,0.0,0.0
223,2024-11-03,16:30,1,0,1.0,1.0,5,2.0,1.1,46.0,14,10.0,3.0,18.3,1.0,1,1,13,5,16,6,1.0,1.0,1.3999999999999997,1.3999999999999997,51.666666666666664,17.0,6.666666666666667,19.400000000000002,0.6666666666666666,0.0,0.0
224,2024-11-10,14:00,1,1,3.0,0.0,10,0.8,0.6,51.0,13,13.0,3.0,19.3,0.0,0,0,13,10,14,6,1.3333333333333333,1.3333333333333333,1.8666666666666665,1.5999999999999999,51.333333333333336,17.0,6.333333333333333,18.333333333333332,0.6666666666666666,0.3333333333333333,0.3333333333333333
225,2024-11-24,16:30,0,0,1.0,1.0,9,0.8,1.6,60.0,1,11.0,4.0,17.6,1.0,0,0,13,9,16,6,1.6666666666666667,1.0,1.7,1.5,51.666666666666664,13.666666666666666,3.6666666666666665,18.53333333333333,0.6666666666666666,0.3333333333333333,0.3333333333333333
226,2024-12-01,13:30,1,1,4.0,0.0,7,1.1,0.6,60.0,8,11.0,5.0,15.1,0.0,0,0,13,7,13,6,1.6666666666666667,0.6666666666666666,1.2,1.1,52.333333333333336,11.333333333333334,3.3333333333333335,18.400000000000002,0.6666666666666666,0.3333333333333333,0.3333333333333333
227,2024-12-04,20:15,0,0,0.0,2.0,0,0.2,2.1,49.0,16,5.0,2.0,17.7,0.0,0,0,13,0,20,2,2.6666666666666665,0.3333333333333333,0.9,0.9333333333333335,57.0,11.666666666666666,4.0,17.333333333333332,0.3333333333333333,0.0,0.0
228,2024-12-07,17:30,1,0,2.0,3.0,15,1.6,0.8,71.0,5,17.0,7.0,18.7,1.0,0,0,13,15,17,5,1.6666666666666667,1.0,0.7000000000000001,1.4333333333333336,56.333333333333336,9.0,3.6666666666666665,16.8,0.3333333333333333,0.0,0.0
229,2024-12-15,16:30,0,1,2.0,1.0,12,2.1,0.9,48.0,1,9.0,2.0,17.9,0.0,1,1,13,12,16,6,2.0,1.6666666666666667,0.9666666666666668,1.1666666666666667,60.0,11.0,4.666666666666667,17.166666666666668,0.3333333333333333,0.0,0.0
230,2024-12-22,14:00,1,0,0.0,3.0,2,2.2,1.6,60.0,3,23.0,7.0,17.7,1.0,0,0,13,2,14,6,1.3333333333333333,2.0,1.3,1.2666666666666668,56.0,10.333333333333334,3.6666666666666665,18.099999999999998,0.3333333333333333,0.3333333333333333,0.3333333333333333
231,2024-12-26,17:30,0,0,0.0,2.0,19,0.4,0.9,49.0,21,11.0,4.0,19.2,0.0,0,0,13,19,17,3,1.3333333333333333,2.3333333333333335,1.9666666666666668,1.1,59.666666666666664,16.333333333333332,5.333333333333333,18.099999999999998,0.6666666666666666,0.3333333333333333,0.3333333333333333
232,2024-08-25,14:00,0,0,1.0,1.0,2,1.6,2.2,61.0,6,14.0,5.0,12.6,0.0,0,0,14,2,14,6,1.0,0.0,0.3,1.8,23.0,3.0,1.0,13.2,0.0,0.0,0.0
233,2024-09-01,13:30,1,1,2.0,1.0,17,1.8,1.2,35.0,14,9.0,3.0,14.0,0.0,0,0,14,17,13,6,1.0,0.5,0.9500000000000001,2.0,42.0,8.5,3.0,12.899999999999999,0.0,0.0,0.0
234,2024-09-15,16:30,0,1,2.0,1.0,19,1.5,1.2,51.0,2,14.0,6.0,17.9,0.0,0,0,14,19,16,6,1.3333333333333333,0.6666666666666666,1.2333333333333334,1.7333333333333334,39.666666666666664,8.666666666666666,3.0,13.266666666666666,0.0,0.0,0.0
235,2024-09-21,15:00,0,0,1.0,3.0,8,1.5,2.2,61.0,13,16.0,5.0,16.9,1.0,0,0,14,8,15,5,1.6666666666666667,1.0,1.6333333333333335,1.5333333333333332,49.0,12.333333333333334,4.666666666666667,14.833333333333334,0.0,0.0,0.0
236,2024-09-28,12:30,1,0,1.0,1.0,12,1.6,0.9,38.0,7,10.0,3.0,15.1,0.0,1,1,14,12,12,5,1.6666666666666667,1.6666666666666667,1.5999999999999999,1.5333333333333332,49.0,13.0,4.666666666666667,16.266666666666666,0.3333333333333333,0.0,0.0
237,2024-10-05,17:30,0,0,0.0,0.0,7,2.1,0.7,67.0,3,13.0,1.0,13.8,0.0,0,1,14,7,17,5,1.3333333333333333,1.6666666666666667,1.5333333333333332,1.4333333333333333,50.0,13.333333333333334,4.666666666666667,16.63333333333333,0.3333333333333333,0.3333333333333333,0.3333333333333333
238,2024-10-19,15:00,1,0,0.0,1.0,4,2.0,1.1,60.0,13,21.0,6.0,17.3,2.0,0,0,14,4,15,5,0.6666666666666666,1.3333333333333333,1.7333333333333334,1.2666666666666668,55.333333333333336,13.0,3.0,15.266666666666666,0.3333333333333333,0.3333333333333333,0.6666666666666666
239,2024-10-27,14:00,0,0,1.0,2.0,5,1.8,1.6,50.0,17,11.0,2.0,14.0,1.0,0,0,14,5,14,6,0.3333333333333333,0.6666666666666666,1.9000000000000001,0.9,55.0,14.666666666666666,3.3333333333333335,15.399999999999999,0.6666666666666666,0.3333333333333333,0.6666666666666666
240,2024-11-02,12:30,1,1,1.0,0.0,0,0.5,1.1,37.0,8,9.0,4.0,14.6,0.0,0,0,14,0,12,5,0.3333333333333333,1.0,1.9666666666666666,1.1333333333333335,59.0,15.0,3.0,15.033333333333331,1.0,0.0,0.3333333333333333
241,2024-11-10,14:00,0,1,3.0,1.0,15,1.6,0.6,56.0,1,17.0,6.0,16.1,0.0,0,0,14,15,14,6,0.6666666666666666,1.0,1.4333333333333333,1.2666666666666668,49.0,13.666666666666666,4.0,15.299999999999999,1.0,0.0,0.0
242,2024-11-25,20:00,1,0,0.0,2.0,18,1.6,0.9,53.0,3,18.0,2.0,16.1,0.0,0,0,14,18,20,0,1.6666666666666667,1.0,1.3,1.1,47.666666666666664,12.333333333333334,4.0,14.899999999999999,0.3333333333333333,0.0,0.0
243,2024-11-30,15:00,0,0,1.0,1.0,6,0.0,1.7,51.0,5,1.0,0.0,6.9,0.0,0,0,14,6,15,5,1.3333333333333333,1.0,1.2333333333333334,0.8666666666666667,48.666666666666664,14.666666666666666,4.0,15.6,0.0,0.0,0.0
244,2024-12-04,19:30,1,0,3.0,3.0,11,2.1,1.9,42.0,0,17.0,6.0,19.1,1.0,0,0,14,11,19,2,1.3333333333333333,1.3333333333333333,1.0666666666666667,1.0666666666666667,53.333333333333336,12.0,2.6666666666666665,13.033333333333331,0.0,0.0,0.0
245,2024-12-07,15:00,0,0,2.0,4.0,3,1.5,1.2,57.0,17,16.0,3.0,16.2,0.0,0,0,14,3,15,5,1.3333333333333333,2.0,1.2333333333333334,1.5,48.666666666666664,12.0,2.6666666666666665,14.033333333333331,0.3333333333333333,0.0,0.0
246,2024-12-14,15:00,1,1,4.0,0.0,10,3.8,0.2,59.0,19,27.0,11.0,15.1,1.0,0,0,14,10,15,5,2.0,2.6666666666666665,1.2,1.5999999999999999,50.0,11.333333333333334,3.0,14.066666666666663,0.3333333333333333,0.0,0.0
247,2024-12-21,15:00,0,1,4.0,0.0,9,2.3,0.7,58.0,18,15.0,7.0,14.1,0.0,0,0,14,9,15,5,3.0,2.3333333333333335,2.466666666666667,1.0999999999999999,52.666666666666664,20.0,6.666666666666667,16.799999999999997,0.6666666666666666,0.0,0.0
248,2024-12-26,15:00,1,1,3.0,0.0,1,2.7,0.3,62.0,1,22.0,7.0,15.8,1.0,0,0,14,1,15,3,3.3333333333333335,1.3333333333333333,2.533333333333333,0.6999999999999998,58.0,19.333333333333332,7.0,15.133333333333331,0.3333333333333333,0.0,0.0
249,2024-08-24,15:00,0,1,1.0,0.0,16,2.2,0.1,36.0,16,23.0,8.0,17.2,0.0,0,0,15,16,15,5,1.0,1.0,1.3,1.2,53.0,14.0,8.0,19.2,0.0,0.0,0.0
250,2024-08-31,15:00,1,0,1.0,1.0,19,1.0,0.7,52.0,17,16.0,5.0,14.6,1.0,0,0,15,19,15,5,1.0,0.5,1.75,0.65,44.5,18.5,8.0,18.2,0.0,0.0,0.0
251,2024-09-14,15:00,0,1,1.0,0.0,11,0.4,0.9,32.0,11,5.0,3.0,18.6,0.0,0,0,15,11,15,5,1.0,0.6666666666666666,1.5,0.6666666666666666,47.0,17.666666666666668,7.0,17.0,0.3333333333333333,0.0,0.0
252,2024-09-22,14:00,0,0,2.0,2.0,4,1.4,1.0,30.0,14,3.0,2.0,17.4,0.0,1,1,15,4,14,6,1.0,0.3333333333333333,1.2,0.5666666666666667,40.0,14.666666666666666,5.333333333333333,16.8,0.3333333333333333,0.0,0.0
253,2024-09-28,15:00,1,0,0.0,1.0,8,0.8,1.3,41.0,9,11.0,1.0,19.3,0.0,0,0,15,8,15,5,1.3333333333333333,1.0,0.9333333333333332,0.8666666666666666,38.0,8.0,3.3333333333333335,16.866666666666664,0.3333333333333333,0.3333333333333333,0.3333333333333333
254,2024-10-06,14:00,0,0,1.0,1.0,5,0.9,2.3,35.0,2,16.0,9.0,20.2,2.0,0,0,15,5,14,6,1.0,1.0,0.8666666666666666,1.0666666666666667,34.333333333333336,6.333333333333333,2.0,18.433333333333334,0.0,0.3333333333333333,0.3333333333333333
255,2024-10-21,20:00,1,1,1.0,0.0,6,1.7,1.0,51.0,20,20.0,6.0,18.0,0.0,0,0,15,6,20,0,1.0,1.3333333333333333,1.0333333333333334,1.5333333333333332,35.333333333333336,10.0,4.0,18.96666666666667,0.6666666666666666,0.3333333333333333,0.3333333333333333
256,2024-10-25,20:00,0,1,3.0,1.0,10,1.7,0.8,35.0,3,20.0,5.0,21.6,1.0,0,0,15,10,20,4,0.6666666666666666,0.6666666666666666,1.1333333333333333,1.5333333333333332,42.333333333333336,15.666666666666666,5.333333333333333,19.166666666666668,0.6666666666666666,0.0,0.0
257,2024-11-02,15:00,1,1,3.0,0.0,18,2.2,0.1,54.0,13,19.0,6.0,18.7,1.0,0,0,15,18,15,5,1.6666666666666667,0.6666666666666666,1.4333333333333333,1.3666666666666665,40.333333333333336,18.666666666666668,6.666666666666667,19.933333333333337,1.0,0.0,0.0
258,2024-11-10,14:00,1,0,1.0,3.0,14,0.6,1.6,44.0,1,9.0,3.0,16.4,0.0,0,0,15,14,14,6,2.3333333333333335,0.3333333333333333,1.8666666666666665,0.6333333333333334,46.666666666666664,19.666666666666668,5.666666666666667,19.433333333333334,0.6666666666666666,0.0,0.0
259,2024-11-23,15:00,0,0,0.0,3.0,0,0.3,1.2,34.0,17,7.0,0.0,16.3,1.0,0,0,15,0,15,5,2.3333333333333335,1.3333333333333333,1.5,0.8333333333333334,44.333333333333336,16.0,4.666666666666667,18.900000000000002,0.6666666666666666,0.0,0.0
260,2024-11-30,15:00,1,1,1.0,0.0,9,1.6,0.6,45.0,21,11.0,4.0,16.9,1.0,1,1,15,9,15,5,1.3333333333333333,2.0,1.0333333333333334,0.9666666666666668,44.0,11.666666666666666,3.0,17.133333333333336,0.6666666666666666,0.0,0.0
261,2024-12-04,19:30,0,0,0.0,3.0,12,1.0,2.4,34.0,11,12.0,3.0,16.6,0.0,0,0,15,12,19,2,0.6666666666666666,2.0,0.8333333333333334,1.1333333333333333,41.0,9.0,2.3333333333333335,16.53333333333333,0.6666666666666666,0.3333333333333333,0.3333333333333333
262,2024-12-07,17:30,0,1,3.0,2.0,13,0.8,1.6,29.0,5,11.0,3.0,16.3,0.0,0,0,15,13,17,5,0.3333333333333333,2.0,0.9666666666666667,1.3999999999999997,37.666666666666664,10.0,2.3333333333333335,16.600000000000005,0.6666666666666666,0.3333333333333333,0.3333333333333333
263,2024-12-14,17:30,1,1,2.0,1.0,1,1.7,0.4,50.0,16,17.0,6.0,15.2,0.0,0,0,15,1,17,5,1.3333333333333333,1.6666666666666667,1.1333333333333335,1.5333333333333332,36.0,11.333333333333334,3.3333333333333335,16.6,0.3333333333333333,0.3333333333333333,0.3333333333333333
264,2024-12-21,15:00,0,1,2.0,0.0,3,0.9,0.7,36.0,11,10.0,6.0,17.4,0.0,0,0,15,3,15,5,1.6666666666666667,2.0,1.1666666666666667,1.4666666666666668,37.666666666666664,13.333333333333334,4.0,16.033333333333335,0.0,0.0,0.0
265,2024-12-26,15:00,1,1,1.0,0.0,17,1.1,0.9,30.0,3,10.0,3.0,15.5,0.0,0,0,15,17,15,3,2.3333333333333335,1.0,1.1333333333333333,0.9,38.333333333333336,12.666666666666666,5.0,16.3,0.0,0.0,0.0
266,2024-08-24,15:00,1,0,0.0,1.0,15,0.1,2.2,64.0,16,5.0,1.0,19.7,0.0,0,0,16,15,15,5,0.0,1.0,1.8,0.3,77.0,19.0,3.0,17.0,1.0,0.0,0.0
267,2024-08-31,15:00,0,0,1.0,3.0,3,1.5,2.8,63.0,9,18.0,6.0,18.1,1.0,0,0,16,3,15,5,0.0,1.0,0.9500000000000001,1.25,70.5,12.0,2.0,18.35,0.5,0.0,0.0
268,2024-09-14,12:30,1,0,0.0,3.0,13,1.1,2.6,44.0,18,5.0,2.0,17.4,0.0,0,1,16,13,12,5,0.3333333333333333,1.6666666666666667,1.1333333333333335,1.7666666666666666,68.0,14.0,3.3333333333333335,18.266666666666666,0.6666666666666666,0.0,0.0
269,2024-09-21,15:00,1,0,1.0,1.0,9,2.4,1.6,53.0,15,11.0,3.0,13.7,0.0,0,0,16,9,15,5,0.3333333333333333,2.3333333333333335,0.9,2.533333333333333,57.0,9.333333333333334,3.0,18.400000000000002,0.3333333333333333,0.0,0.3333333333333333
270,2024-09-30,20:00,0,0,1.0,3.0,2,0.6,1.3,60.0,11,9.0,3.0,18.4,0.0,0,0,16,2,20,0,0.6666666666666666,2.3333333333333335,1.6666666666666667,2.3333333333333335,53.333333333333336,11.333333333333334,3.6666666666666665,16.4,0.3333333333333333,0.0,0.3333333333333333
271,2024-10-05,15:00,0,0,1.0,3.0,0,0.6,2.8,41.0,21,8.0,2.0,16.4,0.0,0,0,16,0,15,5,0.6666666666666666,2.3333333333333335,1.3666666666666665,1.8333333333333333,52.333333333333336,8.333333333333334,2.6666666666666665,16.5,0.0,0.0,0.3333333333333333
272,2024-10-19,15:00,1,0,2.0,3.0,10,2.1,3.1,42.0,1,14.0,7.0,9.6,0.0,0,0,16,10,15,5,1.0,2.3333333333333335,1.2,1.8999999999999997,51.333333333333336,9.333333333333334,2.6666666666666665,16.166666666666668,0.0,0.0,0.0
273,2024-10-26,15:00,0,0,0.0,1.0,12,0.2,2.9,43.0,21,5.0,2.0,13.8,0.0,0,0,16,12,15,5,1.3333333333333333,3.0,1.1,2.4,47.666666666666664,10.333333333333334,4.0,14.799999999999997,0.0,0.0,0.0
274,2024-11-02,15:00,1,1,1.0,0.0,7,0.7,1.6,65.0,0,9.0,2.0,13.4,0.0,0,0,16,7,15,5,1.0,2.3333333333333335,0.9666666666666668,2.933333333333333,42.0,9.0,3.6666666666666665,13.266666666666666,0.0,0.0,0.0
275,2024-11-09,15:00,0,0,0.0,2.0,19,0.6,1.3,71.0,19,9.0,0.0,20.6,1.0,0,0,16,19,15,5,1.0,1.3333333333333333,1.0000000000000002,2.533333333333333,50.0,9.333333333333334,3.6666666666666665,12.266666666666666,0.0,0.0,0.0
276,2024-11-24,14:00,1,0,2.0,3.0,11,1.3,3.1,38.0,16,6.0,4.0,19.0,0.0,0,1,16,11,14,6,0.3333333333333333,1.0,0.5,1.9333333333333333,59.666666666666664,7.666666666666667,1.3333333333333333,15.933333333333332,0.3333333333333333,0.0,0.0
277,2024-11-29,20:00,0,0,1.0,1.0,4,1.0,1.7,47.0,14,10.0,2.0,16.8,0.0,0,0,16,4,20,4,1.0,1.6666666666666667,0.8666666666666666,2.0,58.0,8.0,2.0,17.666666666666668,0.3333333333333333,0.0,0.3333333333333333
278,2024-12-04,19:30,1,0,1.0,5.0,5,1.6,5.2,45.0,21,6.0,4.0,9.7,0.0,0,0,16,5,19,2,1.0,2.0,0.9666666666666667,2.0333333333333337,52.0,8.333333333333334,2.0,18.8,0.3333333333333333,0.0,0.3333333333333333
279,2024-12-07,15:00,0,0,0.0,1.0,1,0.3,2.3,53.0,4,4.0,0.0,14.5,0.0,0,0,16,1,15,5,1.3333333333333333,3.0,1.3,3.3333333333333335,43.333333333333336,7.333333333333333,3.3333333333333335,15.166666666666666,0.0,0.0,0.3333333333333333
280,2024-12-15,19:00,1,0,0.0,5.0,17,0.8,2.3,42.0,5,9.0,3.0,18.1,0.0,0,0,16,17,19,6,0.6666666666666666,2.3333333333333335,0.9666666666666667,3.0666666666666664,48.333333333333336,6.666666666666667,2.0,13.666666666666666,0.0,0.0,0.0
281,2024-12-22,14:00,0,0,0.0,0.0,8,0.3,0.9,43.0,20,5.0,1.0,20.1,1.0,0,0,16,8,14,6,0.3333333333333333,3.6666666666666665,0.9,3.266666666666667,46.666666666666664,6.333333333333333,2.3333333333333335,14.1,0.0,0.0,0.0
282,2024-12-26,15:00,1,0,0.0,1.0,18,1.4,1.7,54.0,10,18.0,5.0,12.8,0.0,0,0,16,18,15,3,0.0,2.0,0.46666666666666673,1.8333333333333333,46.0,6.0,1.3333333333333333,17.566666666666666,0.3333333333333333,0.0,0.0
283,2024-08-24,15:00,1,1,4.0,0.0,7,2.4,1.0,70.0,1,13.0,7.0,14.1,1.0,0,0,17,7,15,5,1.0,1.0,1.2,1.0,70.0,15.0,6.0,13.7,0.0,0.0,0.0
284,2024-09-01,13:30,0,0,1.0,2.0,14,1.2,1.8,65.0,14,20.0,6.0,19.9,1.0,0,0,17,14,13,6,2.5,0.5,1.7999999999999998,1.0,70.0,14.0,6.5,13.899999999999999,0.5,0.0,0.0
285,2024-09-15,14:00,1,0,0.0,1.0,0,0.7,0.7,63.0,7,15.0,5.0,18.1,0.0,0,0,17,0,14,6,2.0,1.0,1.5999999999999999,1.2666666666666666,68.33333333333333,16.0,6.333333333333333,15.899999999999999,0.6666666666666666,0.0,0.0
286,2024-09-21,15:00,1,1,3.0,1.0,3,3.5,0.8,48.0,8,23.0,9.0,14.4,0.0,0,0,17,3,15,5,1.6666666666666667,1.0,1.4333333333333333,1.1666666666666667,66.0,16.0,6.0,17.366666666666667,0.6666666666666666,0.0,0.0
287,2024-09-29,16:30,0,1,3.0,0.0,13,4.4,1.0,61.0,2,24.0,10.0,14.6,0.0,0,0,17,13,16,6,1.3333333333333333,1.3333333333333333,1.8,1.0999999999999999,58.666666666666664,19.333333333333332,6.666666666666667,17.466666666666665,0.3333333333333333,0.0,0.0
288,2024-10-06,16:30,0,0,2.0,3.0,4,1.3,1.8,59.0,6,13.0,3.0,16.2,0.0,0,0,17,4,16,6,2.0,0.6666666666666666,2.866666666666667,0.8333333333333334,57.333333333333336,20.666666666666668,8.0,15.700000000000001,0.0,0.0,0.0
289,2024-10-19,12:30,1,1,4.0,1.0,18,1.9,0.8,57.0,0,22.0,7.0,15.8,0.0,0,0,17,18,12,5,2.6666666666666665,1.3333333333333333,3.066666666666667,1.2,56.0,20.0,7.333333333333333,15.066666666666668,0.0,0.0,0.0
290,2024-10-27,14:00,0,0,0.0,1.0,6,0.7,0.8,66.0,4,11.0,3.0,12.9,0.0,0,0,17,6,14,6,3.0,1.3333333333333333,2.5333333333333337,1.2,59.0,19.666666666666668,6.666666666666667,15.533333333333333,0.0,0.0,0.0
291,2024-11-03,14:00,1,1,4.0,1.0,1,2.4,1.8,51.0,3,16.0,6.0,20.4,1.0,0,0,17,1,14,6,2.0,1.6666666666666667,1.3000000000000003,1.1333333333333333,60.666666666666664,15.333333333333334,4.333333333333333,14.966666666666667,0.0,0.0,0.0
292,2024-11-10,14:00,1,0,1.0,2.0,9,1.5,1.6,66.0,5,17.0,5.0,17.8,0.0,0,0,17,9,14,6,2.6666666666666665,1.0,1.6666666666666667,1.1333333333333335,58.0,16.333333333333332,5.333333333333333,16.366666666666664,0.3333333333333333,0.0,0.0
293,2024-11-23,17:30,0,1,4.0,0.0,12,2.5,2.1,42.0,8,9.0,7.0,13.0,0.0,0,0,17,12,17,5,1.6666666666666667,1.3333333333333333,1.5333333333333339,1.4000000000000001,61.0,14.666666666666666,4.666666666666667,17.033333333333335,0.3333333333333333,0.0,0.0
294,2024-12-01,13:30,1,0,1.0,1.0,8,0.8,1.5,51.0,4,8.0,3.0,17.5,2.0,0,0,17,8,13,6,3.0,1.0,2.1333333333333333,1.8333333333333333,53.0,14.0,6.0,17.066666666666666,0.3333333333333333,0.0,0.0
295,2024-12-05,20:15,0,0,0.0,1.0,2,0.9,3.5,65.0,17,12.0,4.0,17.0,0.0,0,0,17,2,20,3,2.0,1.0,1.6000000000000003,1.7333333333333336,53.0,11.333333333333334,5.0,16.099999999999998,0.6666666666666666,0.0,0.0
296,2024-12-08,16:30,1,0,3.0,4.0,5,2.8,2.8,39.0,1,13.0,5.0,13.7,1.0,0,0,17,5,16,6,1.6666666666666667,0.6666666666666666,1.4000000000000004,2.3666666666666667,52.666666666666664,9.666666666666666,4.666666666666667,15.833333333333334,0.6666666666666666,0.0,0.0
297,2024-12-15,19:00,0,1,5.0,0.0,16,2.3,0.8,58.0,5,18.0,9.0,13.1,0.0,0,0,17,16,19,6,1.3333333333333333,2.0,1.5000000000000002,2.6,51.666666666666664,11.0,4.0,16.066666666666666,1.0,0.0,0.0
298,2024-12-22,16:30,1,0,3.0,6.0,11,1.3,5.6,52.0,16,9.0,5.0,17.1,0.0,0,0,17,11,16,6,2.6666666666666665,1.6666666666666667,2.0000000000000004,2.3666666666666667,54.0,14.333333333333334,6.0,14.6,0.3333333333333333,0.0,0.0
299,2024-12-26,15:00,0,0,0.0,1.0,15,0.9,1.1,70.0,3,13.0,4.0,20.0,1.0,0,0,17,15,15,3,3.6666666666666665,3.3333333333333335,2.1333333333333333,3.0666666666666664,49.666666666666664,13.333333333333334,6.333333333333333,14.633333333333333,0.3333333333333333,0.0,0.0
300,2024-08-24,15:00,0,1,2.0,0.0,6,1.4,1.3,42.0,14,18.0,3.0,17.2,0.0,0,0,18,6,15,5,1.0,2.0,2.3,2.0,52.0,13.0,2.0,13.6,0.0,1.0,1.0
301,2024-08-31,17:30,1,0,1.0,3.0,12,0.7,3.0,33.0,11,10.0,2.0,16.9,0.0,0,0,18,12,17,5,1.5,1.0,1.8499999999999999,1.65,47.0,15.5,2.5,15.399999999999999,0.0,0.5,0.5
302,2024-09-14,15:00,0,0,1.0,1.0,8,0.8,1.5,46.0,20,11.0,3.0,18.0,0.0,0,0,18,8,15,5,1.3333333333333333,1.6666666666666667,1.4666666666666666,2.1,42.333333333333336,13.666666666666666,2.3333333333333335,15.9,0.0,0.3333333333333333,0.3333333333333333
303,2024-09-21,12:30,1,0,0.0,3.0,5,0.9,2.2,53.0,16,15.0,7.0,18.0,1.0,0,0,18,5,12,5,1.3333333333333333,1.3333333333333333,0.9666666666666667,1.9333333333333333,40.333333333333336,13.0,2.6666666666666665,17.366666666666664,0.0,0.0,0.0
304,2024-09-28,15:00,0,0,1.0,1.0,3,1.0,0.4,43.0,17,19.0,3.0,18.7,0.0,0,0,18,3,15,5,0.6666666666666666,2.3333333333333335,0.7999999999999999,2.2333333333333334,44.0,12.0,4.0,17.633333333333336,0.3333333333333333,0.0,0.0
305,2024-10-05,15:00,1,1,4.0,1.0,9,3.6,0.6,52.0,1,23.0,12.0,16.4,1.0,0,0,18,9,15,5,0.6666666666666666,1.6666666666666667,0.9,1.366666666666667,47.333333333333336,15.0,4.333333333333333,18.233333333333334,0.3333333333333333,0.0,0.0
306,2024-10-19,12:30,0,0,1.0,4.0,17,0.8,1.9,43.0,0,11.0,3.0,16.9,0.0,0,0,18,17,12,5,1.6666666666666667,1.6666666666666667,1.8333333333333333,1.0666666666666667,49.333333333333336,19.0,7.333333333333333,17.7,0.6666666666666666,0.0,0.0
307,2024-10-27,14:00,1,1,2.0,1.0,13,2.8,2.3,42.0,6,11.0,2.0,12.3,0.0,1,1,18,13,14,6,2.0,2.0,1.7999999999999998,0.9666666666666667,46.0,17.666666666666668,6.0,17.333333333333332,0.3333333333333333,0.0,0.0
308,2024-11-02,15:00,0,0,0.0,3.0,15,0.1,2.2,46.0,13,4.0,1.0,23.2,0.0,0,0,18,15,15,5,2.3333333333333335,2.0,2.4,1.5999999999999999,45.666666666666664,15.0,5.666666666666667,15.199999999999998,0.3333333333333333,0.3333333333333333,0.3333333333333333
309,2024-11-09,15:00,1,0,0.0,0.0,7,0.8,1.1,49.0,18,11.0,6.0,17.0,0.0,0,0,18,7,15,5,1.0,2.6666666666666665,1.2333333333333332,2.1333333333333333,43.666666666666664,8.666666666666666,2.0,17.46666666666667,0.0,0.3333333333333333,0.3333333333333333
310,2024-11-25,20:00,0,1,2.0,0.0,14,0.9,1.6,47.0,3,15.0,6.0,19.8,1.0,0,0,18,14,20,0,0.6666666666666666,1.3333333333333333,1.2333333333333332,1.8666666666666665,45.666666666666664,8.666666666666666,3.0,17.5,0.0,0.3333333333333333,0.3333333333333333
311,2024-11-30,17:30,1,0,2.0,5.0,0,1.5,3.5,40.0,1,12.0,5.0,18.1,2.0,0,0,18,0,17,5,0.6666666666666666,1.0,0.5999999999999999,1.6333333333333335,47.333333333333336,10.0,4.333333333333333,20.000000000000004,0.3333333333333333,0.0,0.0
312,2024-12-03,20:15,0,0,1.0,3.0,10,3.0,1.7,61.0,9,31.0,8.0,14.7,0.0,0,0,18,10,20,1,1.3333333333333333,1.6666666666666667,1.0666666666666664,2.066666666666667,45.333333333333336,12.666666666666666,5.666666666666667,18.3,1.0,0.0,0.0
313,2024-12-09,20:00,1,1,2.0,1.0,19,1.0,1.4,54.0,8,19.0,4.0,15.8,0.0,0,0,18,19,20,0,1.6666666666666667,2.6666666666666665,1.7999999999999998,2.2666666666666666,49.333333333333336,19.333333333333332,6.333333333333333,17.533333333333335,1.0,0.0,0.0
314,2024-12-16,20:00,0,0,1.0,1.0,2,2.1,1.9,48.0,2,15.0,2.0,15.2,0.0,1,1,18,2,20,0,1.6666666666666667,3.0,1.833333333333333,2.1999999999999997,51.666666666666664,20.666666666666668,5.666666666666667,16.200000000000003,0.6666666666666666,0.0,0.0
315,2024-12-21,15:00,1,0,1.0,1.0,4,1.2,0.9,47.0,14,11.0,4.0,13.7,0.0,0,0,18,4,15,5,1.3333333333333333,1.6666666666666667,2.033333333333333,1.6666666666666667,54.333333333333336,21.666666666666668,4.666666666666667,15.233333333333334,0.0,0.3333333333333333,0.3333333333333333
316,2024-12-26,15:00,0,1,1.0,0.0,16,1.7,1.4,46.0,10,16.0,2.0,15.3,1.0,0,0,18,16,15,3,1.3333333333333333,1.0,1.433333333333333,1.3999999999999997,49.666666666666664,15.0,3.3333333333333335,14.9,0.0,0.3333333333333333,0.3333333333333333
317,2024-08-25,14:00,1,0,2.0,6.0,5,1.9,1.6,40.0,5,12.0,4.0,19.1,1.0,0,0,19,5,14,6,0.0,2.0,0.5,1.2,47.0,9.0,3.0,19.3,1.0,0.0,0.0
318,2024-08-31,15:00,0,0,1.0,1.0,15,0.7,1.0,48.0,17,11.0,2.0,20.7,0.0,0,0,19,15,15,5,1.0,4.0,1.2,1.4,43.5,10.5,3.5,19.200000000000003,1.0,0.0,0.0
319,2024-09-15,16:30,1,0,1.0,2.0,14,1.2,1.5,49.0,2,12.0,5.0,15.2,0.0,0,0,19,14,16,6,1.0,3.0,1.0333333333333332,1.2666666666666666,45.0,10.666666666666666,3.0,19.7,0.6666666666666666,0.0,0.0
320,2024-09-21,15:00,0,0,1.0,3.0,1,0.5,1.7,47.0,20,10.0,4.0,14.9,0.0,0,0,19,1,15,5,1.3333333333333333,3.0,1.2666666666666666,1.3666666666666665,45.666666666666664,11.666666666666666,3.6666666666666665,18.333333333333332,0.3333333333333333,0.0,0.0
321,2024-09-28,17:30,1,0,1.0,2.0,11,0.6,2.5,45.0,1,8.0,3.0,22.9,0.0,0,0,19,11,17,5,1.0,2.0,0.7999999999999999,1.4000000000000001,48.0,11.0,3.6666666666666665,16.933333333333334,0.0,0.0,0.0
322,2024-10-05,15:00,0,0,3.0,5.0,3,1.0,4.2,56.0,0,17.0,6.0,20.9,0.0,0,0,19,3,15,5,1.0,2.3333333333333335,0.7666666666666666,1.9000000000000001,47.0,10.0,4.0,17.666666666666668,0.0,0.0,0.0
323,2024-10-20,14:00,1,0,1.0,2.0,12,0.8,1.6,23.0,2,3.0,2.0,17.6,0.0,0,0,19,12,14,6,1.6666666666666667,3.3333333333333335,0.6999999999999998,2.8000000000000003,49.333333333333336,11.666666666666666,4.333333333333333,19.566666666666666,0.0,0.0,0.0
324,2024-10-26,15:00,0,0,2.0,2.0,4,1.3,1.3,49.0,11,14.0,7.0,11.9,0.0,0,0,19,4,15,5,1.6666666666666667,3.0,0.7999999999999999,2.766666666666667,41.333333333333336,9.333333333333334,3.6666666666666665,20.466666666666665,0.0,0.0,0.0
325,2024-11-02,17:30,1,0,2.0,2.0,6,1.5,2.4,57.0,1,11.0,6.0,17.6,0.0,0,0,19,6,17,5,2.0,3.0,1.0333333333333332,2.3666666666666667,42.666666666666664,11.333333333333334,5.0,16.8,0.0,0.0,0.0
326,2024-11-09,15:00,1,1,2.0,0.0,16,1.3,0.6,29.0,19,8.0,4.0,23.1,0.0,0,0,19,16,15,5,1.6666666666666667,2.0,1.2,1.7666666666666666,43.0,9.333333333333334,5.0,15.700000000000001,0.0,0.0,0.0
327,2024-11-23,15:00,0,1,4.0,1.0,8,1.3,1.0,41.0,14,10.0,5.0,16.5,0.0,0,0,19,8,15,5,2.0,1.3333333333333333,1.3666666666666665,1.4333333333333333,45.0,11.0,5.666666666666667,17.533333333333335,0.0,0.0,0.0
328,2024-11-30,15:00,1,0,2.0,4.0,2,0.5,3.3,60.0,13,10.0,3.0,19.9,1.0,0,0,19,2,15,5,2.6666666666666665,1.0,1.3666666666666665,1.3333333333333333,42.333333333333336,9.666666666666666,5.0,19.066666666666666,0.0,0.0,0.0
329,2024-12-04,19:30,0,0,0.0,4.0,7,0.8,1.0,56.0,12,6.0,2.0,20.7,0.0,0,0,19,7,19,2,2.6666666666666665,1.6666666666666667,1.0333333333333332,1.633333333333333,43.333333333333336,9.333333333333334,4.0,19.833333333333332,0.3333333333333333,0.0,0.0
330,2024-12-09,20:00,0,0,1.0,2.0,18,1.4,1.0,46.0,8,19.0,5.0,17.9,0.0,0,0,19,18,20,0,2.0,3.0,0.8666666666666666,1.7666666666666666,52.333333333333336,8.666666666666666,3.3333333333333335,19.03333333333333,0.3333333333333333,0.0,0.0
331,2024-12-14,15:00,1,0,1.0,2.0,9,1.3,1.1,54.0,17,16.0,6.0,18.4,0.0,0,0,19,9,15,5,1.0,3.3333333333333335,0.8999999999999999,1.7666666666666664,54.0,11.666666666666666,3.3333333333333335,19.5,0.3333333333333333,0.0,0.0
332,2024-12-22,14:00,0,1,3.0,0.0,10,1.1,0.8,46.0,1,8.0,4.0,14.6,1.0,0,0,19,10,14,6,0.6666666666666666,2.6666666666666665,1.1666666666666667,1.0333333333333332,52.0,13.666666666666666,4.333333333333333,19.0,0.0,0.0,0.0
333,2024-12-26,17:30,1,1,2.0,0.0,13,0.9,0.4,51.0,21,7.0,4.0,24.1,1.0,0,0,19,13,17,3,1.6666666666666667,1.3333333333333333,1.2666666666666666,0.9666666666666665,48.666666666666664,14.333333333333334,5.0,16.966666666666665,0.3333333333333333,0.0,0.0
